,Poblacion,Origen,2022,2021,2020,2019,2018,2017,2016,2015,2014,2013,2012,2011,2010,2009,2008,2007,2006,2005,2004,2003
0,Agullana,Total,903.0,885.0,863.0,831.0,841.0,831.0,841.0,828.0,826.0,853.0,858.0,839.0,840.0,812.0,806.0,753.0,756.0,759.0,746.0,723.0
1,Agullana,España,735.0,711.0,704.0,689.0,697.0,692.0,704.0,686.0,674.0,673.0,678.0,657.0,651.0,645.0,648.0,645.0,662.0,670.0,657.0,664.0
2,Agullana,Extranjero,168.0,174.0,159.0,142.0,144.0,139.0,137.0,142.0,152.0,180.0,180.0,182.0,189.0,167.0,158.0,108.0,94.0,89.0,89.0,59.0
40,Aiguaviva,Total,780.0,789.0,765.0,756.0,767.0,779.0,763.0,775.0,783.0,792.0,774.0,754.0,727.0,714.0,678.0,614.0,594.0,601.0,593.0,587.0
41,Aiguaviva,España,729.0,745.0,724.0,716.0,731.0,746.0,730.0,740.0,740.0,751.0,738.0,713.0,690.0,683.0,652.0,589.0,575.0,579.0,576.0,571.0
42,Aiguaviva,Extranjero,51.0,44.0,41.0,40.0,36.0,33.0,33.0,35.0,43.0,41.0,36.0,41.0,37.0,31.0,26.0,25.0,19.0,22.0,17.0,16.0
80,Albanyà,Total,180.0,178.0,155.0,157.0,139.0,141.0,147.0,149.0,155.0,164.0,153.0,150.0,149.0,152.0,143.0,137.0,137.0,131.0,135.0,116.0
81,Albanyà,España,155.0,154.0,134.0,134.0,123.0,128.0,134.0,134.0,147.0,143.0,125.0,130.0,130.0,129.0,124.0,124.0,125.0,122.0,125.0,114.0
82,Albanyà,Extranjero,25.0,24.0,21.0,23.0,16.0,13.0,13.0,15.0,8.0,21.0,28.0,20.0,19.0,23.0,19.0,13.0,12.0,9.0,10.0,2.0
120,Albons,Total,797.0,798.0,759.0,776.0,765.0,769.0,765.0,745.0,727.0,739.0,714.0,709.0,710.0,687.0,666.0,625.0,620.0,589.0,574.0,607.0
121,Albons,España,674.0,660.0,628.0,635.0,647.0,643.0,635.0,641.0,612.0,634.0,608.0,613.0,619.0,592.0,585.0,558.0,554.0,543.0,543.0,565.0
122,Albons,Extranjero,123.0,138.0,131.0,141.0,118.0,126.0,130.0,104.0,115.0,105.0,106.0,96.0,91.0,95.0,81.0,67.0,66.0,46.0,31.0,42.0
160,Alp,Total,1717.0,1645.0,1593.0,1580.0,1559.0,1499.0,1536.0,1595.0,1661.0,1712.0,1745.0,1743.0,1733.0,1735.0,1686.0,1576.0,1467.0,1389.0,1315.0,1297.0
161,Alp,España,1456.0,1392.0,1339.0,1331.0,1321.0,1291.0,1308.0,1324.0,1376.0,1403.0,1416.0,1397.0,1373.0,1349.0,1318.0,1274.0,1255.0,1236.0,1206.0,1218.0
162,Alp,Extranjero,261.0,253.0,254.0,249.0,238.0,208.0,228.0,271.0,285.0,309.0,329.0,346.0,360.0,386.0,368.0,302.0,212.0,153.0,109.0,79.0
200,Amer,Total,2422.0,2383.0,2332.0,2298.0,2256.0,2242.0,2260.0,2250.0,2281.0,2283.0,2277.0,2277.0,2306.0,2304.0,2270.0,2266.0,2258.0,2237.0,2184.0,2189.0
201,Amer,España,2119.0,2105.0,2087.0,2075.0,2051.0,2030.0,2035.0,2024.0,2045.0,2050.0,2060.0,2049.0,2072.0,2079.0,2067.0,2109.0,2115.0,2129.0,2112.0,2132.0
202,Amer,Extranjero,303.0,278.0,245.0,223.0,205.0,212.0,225.0,226.0,236.0,233.0,217.0,228.0,234.0,225.0,203.0,157.0,143.0,108.0,72.0,57.0
240,Anglès,Total,5682.0,5709.0,5654.0,5599.0,5519.0,5479.0,5473.0,5540.0,5606.0,5662.0,5719.0,5637.0,5560.0,5569.0,5446.0,5281.0,5211.0,5191.0,5096.0,5049.0
241,Anglès,España,4315.0,4335.0,4344.0,4383.0,4378.0,4419.0,4450.0,4471.0,4513.0,4553.0,4586.0,4570.0,4525.0,4543.0,4515.0,4535.0,4567.0,4574.0,4601.0,4596.0
242,Anglès,Extranjero,1367.0,1374.0,1310.0,1216.0,1141.0,1060.0,1023.0,1069.0,1093.0,1109.0,1133.0,1067.0,1035.0,1026.0,931.0,746.0,644.0,617.0,495.0,453.0
280,Arbúcies,Total,6474.0,6507.0,6608.0,6556.0,6515.0,6427.0,6380.0,6297.0,6481.0,6527.0,6741.0,6713.0,6647.0,6595.0,6526.0,6271.0,6232.0,6002.0,5775.0,5599.0
281,Arbúcies,España,5004.0,5024.0,5046.0,5019.0,5052.0,5017.0,5024.0,5019.0,5045.0,5065.0,5123.0,5084.0,5045.0,5051.0,5036.0,4966.0,4934.0,4913.0,4908.0,4870.0
282,Arbúcies,Extranjero,1470.0,1483.0,1562.0,1537.0,1463.0,1410.0,1356.0,1278.0,1436.0,1462.0,1618.0,1629.0,1602.0,1544.0,1490.0,1305.0,1298.0,1089.0,867.0,729.0
320,Argelaguer,Total,439.0,417.0,396.0,397.0,423.0,423.0,415.0,412.0,425.0,425.0,425.0,424.0,425.0,445.0,430.0,423.0,418.0,408.0,385.0,406.0
321,Argelaguer,España,394.0,380.0,360.0,361.0,391.0,398.0,389.0,387.0,397.0,395.0,387.0,390.0,389.0,405.0,392.0,393.0,390.0,382.0,363.0,383.0
322,Argelaguer,Extranjero,45.0,37.0,36.0,36.0,32.0,25.0,26.0,25.0,28.0,30.0,38.0,34.0,36.0,40.0,38.0,30.0,28.0,26.0,22.0,23.0
360,"Armentera, L'",Total,1043.0,998.0,951.0,930.0,937.0,949.0,935.0,907.0,901.0,871.0,860.0,863.0,865.0,855.0,827.0,783.0,770.0,765.0,738.0,747.0
361,"Armentera, L'",España,853.0,813.0,794.0,792.0,786.0,783.0,783.0,780.0,776.0,751.0,740.0,748.0,748.0,757.0,738.0,709.0,702.0,696.0,686.0,686.0
362,"Armentera, L'",Extranjero,190.0,185.0,157.0,138.0,151.0,166.0,152.0,127.0,125.0,120.0,120.0,115.0,117.0,98.0,89.0,74.0,68.0,69.0,52.0,61.0
400,Avinyonet de Puigventós,Total,1676.0,1657.0,1641.0,1610.0,1604.0,1565.0,1587.0,1565.0,1581.0,1566.0,1523.0,1509.0,1517.0,1449.0,1417.0,1361.0,1241.0,1101.0,983.0,955.0
401,Avinyonet de Puigventós,España,1531.0,1516.0,1499.0,1489.0,1487.0,1441.0,1459.0,1442.0,1453.0,1437.0,1413.0,1403.0,1395.0,1332.0,1306.0,1250.0,1150.0,1042.0,937.0,909.0
402,Avinyonet de Puigventós,Extranjero,145.0,141.0,142.0,121.0,117.0,124.0,128.0,123.0,128.0,129.0,110.0,106.0,122.0,117.0,111.0,111.0,91.0,59.0,46.0,46.0
440,Banyoles,Total,20187.0,20168.0,20053.0,19826.0,19615.0,19397.0,19239.0,19299.0,19343.0,19119.0,19341.0,19159.0,18780.0,18327.0,17917.0,17451.0,17309.0,16938.0,16423.0,16244.0
441,Banyoles,España,15782.0,15747.0,15735.0,15726.0,15660.0,15571.0,15481.0,15451.0,15441.0,15319.0,15288.0,15239.0,15026.0,14844.0,14733.0,14595.0,14436.0,14391.0,14290.0,14358.0
442,Banyoles,Extranjero,4405.0,4421.0,4318.0,4100.0,3955.0,3826.0,3758.0,3848.0,3902.0,3800.0,4053.0,3920.0,3754.0,3483.0,3184.0,2856.0,2873.0,2547.0,2133.0,1886.0
480,Bàscara,Total,1034.0,1015.0,1001.0,1004.0,1000.0,989.0,980.0,943.0,949.0,974.0,968.0,985.0,963.0,946.0,915.0,915.0,900.0,877.0,870.0,844.0
481,Bàscara,España,891.0,881.0,870.0,866.0,872.0,873.0,870.0,856.0,862.0,862.0,865.0,876.0,855.0,836.0,812.0,832.0,815.0,808.0,812.0,800.0
482,Bàscara,Extranjero,143.0,134.0,131.0,138.0,128.0,116.0,110.0,87.0,87.0,112.0,103.0,109.0,108.0,110.0,103.0,83.0,85.0,69.0,58.0,44.0
520,Begur,Total,4177.0,4039.0,3891.0,3925.0,3934.0,3933.0,3957.0,3985.0,3994.0,4148.0,4221.0,4219.0,4209.0,4258.0,4304.0,4086.0,4076.0,3986.0,3861.0,3748.0
521,Begur,España,3245.0,3224.0,3165.0,3188.0,3178.0,3203.0,3220.0,3239.0,3272.0,3307.0,3309.0,3310.0,3314.0,3333.0,3356.0,3253.0,3229.0,3205.0,3188.0,3139.0
522,Begur,Extranjero,932.0,815.0,726.0,737.0,756.0,730.0,737.0,746.0,722.0,841.0,912.0,909.0,895.0,925.0,948.0,833.0,847.0,781.0,673.0,609.0
560,Bellcaire d'Empordà,Total,713.0,699.0,678.0,693.0,671.0,668.0,647.0,652.0,650.0,664.0,661.0,664.0,673.0,664.0,651.0,651.0,672.0,668.0,645.0,619.0
561,Bellcaire d'Empordà,España,610.0,607.0,589.0,603.0,598.0,601.0,579.0,582.0,584.0,580.0,575.0,591.0,600.0,586.0,580.0,578.0,575.0,578.0,566.0,543.0
562,Bellcaire d'Empordà,Extranjero,103.0,92.0,89.0,90.0,73.0,67.0,68.0,70.0,66.0,84.0,86.0,73.0,73.0,78.0,71.0,73.0,97.0,90.0,79.0,76.0
600,Besalú,Total,2480.0,2502.0,2487.0,2492.0,2467.0,2443.0,2438.0,2437.0,2400.0,2406.0,2427.0,2372.0,2360.0,2361.0,2290.0,2265.0,2257.0,2211.0,2165.0,2112.0
601,Besalú,España,2110.0,2131.0,2133.0,2144.0,2150.0,2142.0,2141.0,2143.0,2120.0,2128.0,2130.0,2097.0,2080.0,2091.0,2038.0,2039.0,2028.0,2033.0,2031.0,1995.0
602,Besalú,Extranjero,370.0,371.0,354.0,348.0,317.0,301.0,297.0,294.0,280.0,278.0,297.0,275.0,280.0,270.0,252.0,226.0,229.0,178.0,134.0,117.0
640,Bescanó,Total,5156.0,5094.0,4991.0,4960.0,4941.0,4929.0,4854.0,4807.0,4874.0,4839.0,4705.0,4601.0,4555.0,4450.0,4242.0,4121.0,3859.0,3762.0,3648.0,3525.0
641,Bescanó,España,4760.0,4751.0,4668.0,4655.0,4632.0,4636.0,4586.0,4534.0,4576.0,4548.0,4409.0,4315.0,4248.0,4165.0,4012.0,3904.0,3677.0,3603.0,3521.0,3417.0
642,Bescanó,Extranjero,396.0,343.0,323.0,305.0,309.0,293.0,268.0,273.0,298.0,291.0,296.0,286.0,307.0,285.0,230.0,217.0,182.0,159.0,127.0,108.0
680,Beuda,Total,202.0,187.0,186.0,190.0,187.0,181.0,199.0,193.0,200.0,188.0,170.0,170.0,161.0,163.0,158.0,153.0,164.0,147.0,146.0,139.0
681,Beuda,España,165.0,153.0,153.0,155.0,154.0,149.0,162.0,169.0,169.0,151.0,134.0,131.0,129.0,128.0,126.0,125.0,139.0,129.0,131.0,124.0
682,Beuda,Extranjero,37.0,34.0,33.0,35.0,33.0,32.0,37.0,24.0,31.0,37.0,36.0,39.0,32.0,35.0,32.0,28.0,25.0,18.0,15.0,15.0
720,"Bisbal d'Empordà, La",Total,11163.0,11190.0,11159.0,10974.0,10859.0,10775.0,10742.0,10759.0,10761.0,10793.0,10679.0,10435.0,10397.0,10385.0,10173.0,9593.0,9261.0,9196.0,8885.0,8651.0
721,"Bisbal d'Empordà, La",España,8553.0,8581.0,8560.0,8548.0,8514.0,8519.0,8465.0,8476.0,8459.0,8426.0,8383.0,8264.0,8270.0,8150.0,8063.0,7928.0,7857.0,7815.0,7714.0,7650.0
722,"Bisbal d'Empordà, La",Extranjero,2610.0,2609.0,2599.0,2426.0,2345.0,2256.0,2277.0,2283.0,2302.0,2367.0,2296.0,2171.0,2127.0,2235.0,2110.0,1665.0,1404.0,1381.0,1171.0,1001.0
760,Biure,Total,249.0,244.0,241.0,232.0,238.0,230.0,233.0,242.0,245.0,244.0,249.0,248.0,242.0,243.0,244.0,245.0,236.0,237.0,234.0,232.0
761,Biure,España,207.0,207.0,206.0,203.0,210.0,202.0,207.0,209.0,208.0,205.0,207.0,208.0,208.0,209.0,212.0,217.0,217.0,214.0,213.0,211.0
762,Biure,Extranjero,42.0,37.0,35.0,29.0,28.0,28.0,26.0,33.0,37.0,39.0,42.0,40.0,34.0,34.0,32.0,28.0,19.0,23.0,21.0,21.0
800,Blanes,Total,40579.0,40274.0,39914.0,39028.0,38790.0,38813.0,39060.0,39132.0,39293.0,39660.0,39785.0,39834.0,40010.0,40047.0,39107.0,38368.0,37819.0,36711.0,35577.0,34477.0
801,Blanes,España,31538.0,31518.0,31465.0,31292.0,31471.0,31601.0,31836.0,31839.0,31943.0,32010.0,31914.0,31900.0,31920.0,31795.0,31574.0,31477.0,31058.0,30812.0,30494.0,30061.0
802,Blanes,Extranjero,9041.0,8756.0,8449.0,7736.0,7319.0,7212.0,7224.0,7293.0,7350.0,7650.0,7871.0,7934.0,8090.0,8252.0,7533.0,6891.0,6761.0,5899.0,5083.0,4416.0
840,Boadella i les Escaules,Total,258.0,271.0,272.0,252.0,269.0,267.0,266.0,261.0,248.0,248.0,256.0,253.0,255.0,241.0,233.0,228.0,230.0,240.0,234.0,236.0
841,Boadella i les Escaules,España,228.0,244.0,240.0,226.0,238.0,235.0,233.0,227.0,217.0,221.0,221.0,218.0,225.0,217.0,209.0,211.0,216.0,225.0,224.0,221.0
842,Boadella i les Escaules,Extranjero,30.0,27.0,32.0,26.0,31.0,32.0,33.0,34.0,31.0,27.0,35.0,35.0,30.0,24.0,24.0,17.0,14.0,15.0,10.0,15.0
880,Bolvir,Total,518.0,489.0,375.0,369.0,383.0,380.0,375.0,380.0,373.0,373.0,400.0,393.0,395.0,378.0,363.0,329.0,295.0,287.0,276.0,271.0
881,Bolvir,España,453.0,423.0,318.0,319.0,331.0,322.0,318.0,335.0,328.0,329.0,357.0,338.0,336.0,324.0,312.0,289.0,271.0,273.0,263.0,258.0
882,Bolvir,Extranjero,65.0,66.0,57.0,50.0,52.0,58.0,57.0,45.0,45.0,44.0,43.0,55.0,59.0,54.0,51.0,40.0,24.0,14.0,13.0,13.0
920,Bordils,Total,1815.0,1796.0,1761.0,1779.0,1701.0,1693.0,1680.0,1710.0,1690.0,1742.0,1737.0,1736.0,1715.0,1732.0,1703.0,1625.0,1554.0,1501.0,1425.0,1422.0
921,Bordils,España,1497.0,1476.0,1443.0,1442.0,1416.0,1402.0,1401.0,1405.0,1398.0,1410.0,1415.0,1423.0,1405.0,1402.0,1384.0,1369.0,1336.0,1314.0,1274.0,1289.0
922,Bordils,Extranjero,318.0,320.0,318.0,337.0,285.0,291.0,279.0,305.0,292.0,332.0,322.0,313.0,310.0,330.0,319.0,256.0,218.0,187.0,151.0,133.0
960,Borrassà,Total,776.0,752.0,733.0,714.0,702.0,715.0,711.0,711.0,728.0,701.0,714.0,709.0,684.0,665.0,682.0,613.0,614.0,586.0,557.0,524.0
961,Borrassà,España,697.0,678.0,664.0,664.0,657.0,668.0,663.0,663.0,675.0,658.0,663.0,651.0,631.0,611.0,613.0,563.0,565.0,546.0,529.0,498.0
962,Borrassà,Extranjero,79.0,74.0,69.0,50.0,45.0,47.0,48.0,48.0,53.0,43.0,51.0,58.0,53.0,54.0,69.0,50.0,49.0,40.0,28.0,26.0
1000,Breda,Total,3842.0,3836.0,3762.0,3740.0,3733.0,3740.0,3722.0,3728.0,3751.0,3755.0,3767.0,3781.0,3771.0,3784.0,3753.0,3707.0,3685.0,3625.0,3566.0,3543.0
1001,Breda,España,3418.0,3422.0,3374.0,3369.0,3384.0,3387.0,3376.0,3389.0,3391.0,3411.0,3411.0,3427.0,3453.0,3470.0,3482.0,3482.0,3465.0,3415.0,3379.0,3367.0
1002,Breda,Extranjero,424.0,414.0,388.0,371.0,349.0,353.0,346.0,339.0,360.0,344.0,356.0,354.0,318.0,314.0,271.0,225.0,220.0,210.0,187.0,176.0
1040,Brunyola i Sant Martí Sapresa,Total,388.0,390.0,389.0,383.0,369.0,369.0,375.0,394.0,391.0,393.0,397.0,388.0,367.0,373.0,363.0,365.0,362.0,353.0,348.0,362.0
1041,Brunyola i Sant Martí Sapresa,España,350.0,353.0,358.0,355.0,347.0,348.0,358.0,372.0,374.0,376.0,379.0,371.0,351.0,357.0,350.0,351.0,346.0,340.0,338.0,351.0
1042,Brunyola i Sant Martí Sapresa,Extranjero,38.0,37.0,31.0,28.0,22.0,21.0,17.0,22.0,17.0,17.0,18.0,17.0,16.0,16.0,13.0,14.0,16.0,13.0,10.0,11.0
1080,Cabanelles,Total,279.0,266.0,267.0,279.0,273.0,265.0,257.0,237.0,243.0,248.0,244.0,247.0,237.0,236.0,236.0,242.0,240.0,249.0,244.0,240.0
1081,Cabanelles,España,210.0,198.0,204.0,221.0,219.0,217.0,206.0,189.0,192.0,199.0,190.0,191.0,186.0,190.0,194.0,201.0,202.0,207.0,216.0,212.0
1082,Cabanelles,Extranjero,69.0,68.0,63.0,58.0,54.0,48.0,51.0,48.0,51.0,49.0,54.0,56.0,51.0,46.0,42.0,41.0,38.0,42.0,28.0,28.0
1120,Cabanes,Total,949.0,941.0,968.0,948.0,944.0,903.0,915.0,931.0,921.0,930.0,931.0,912.0,915.0,932.0,903.0,916.0,917.0,911.0,852.0,811.0
1121,Cabanes,España,749.0,747.0,756.0,768.0,759.0,736.0,757.0,776.0,772.0,762.0,771.0,772.0,774.0,786.0,776.0,795.0,802.0,811.0,772.0,731.0
1122,Cabanes,Extranjero,200.0,194.0,212.0,180.0,185.0,167.0,158.0,155.0,149.0,168.0,160.0,140.0,141.0,146.0,127.0,121.0,115.0,100.0,80.0,80.0
1160,Cadaqués,Total,2889.0,2820.0,2695.0,2712.0,2752.0,2794.0,2837.0,2840.0,2820.0,2938.0,2935.0,2902.0,2892.0,2860.0,2873.0,2806.0,2922.0,2623.0,2730.0,2612.0
1161,Cadaqués,España,1930.0,1901.0,1845.0,1863.0,1888.0,1899.0,1914.0,1906.0,1912.0,1923.0,1929.0,1927.0,1906.0,1894.0,1888.0,1888.0,2057.0,1912.0,2106.0,2074.0
1162,Cadaqués,Extranjero,959.0,919.0,850.0,849.0,864.0,895.0,923.0,934.0,908.0,1015.0,1006.0,975.0,986.0,966.0,985.0,918.0,865.0,711.0,624.0,538.0
1200,Caldes de Malavella,Total,8196.0,8051.0,7872.0,7641.0,7458.0,7351.0,7220.0,7166.0,7130.0,7032.0,7071.0,6998.0,6920.0,6710.0,6459.0,6067.0,5674.0,5280.0,4925.0,4602.0
1201,Caldes de Malavella,España,7149.0,7053.0,6925.0,6806.0,6701.0,6664.0,6571.0,6527.0,6499.0,6414.0,6435.0,6366.0,6249.0,6087.0,5922.0,5640.0,5328.0,4975.0,4676.0,4408.0
1202,Caldes de Malavella,Extranjero,1047.0,998.0,947.0,835.0,757.0,687.0,649.0,639.0,631.0,618.0,636.0,632.0,671.0,623.0,537.0,427.0,346.0,305.0,249.0,194.0
1240,Calonge i Sant Antoni,Total,11712.0,11484.0,11331.0,11092.0,10897.0,10804.0,10709.0,10520.0,10541.0,10596.0,10851.0,10761.0,10789.0,10637.0,10428.0,10009.0,9458.0,9162.0,8757.0,8282.0
1241,Calonge i Sant Antoni,España,8618.0,8541.0,8429.0,8354.0,8247.0,8200.0,8117.0,7997.0,8026.0,7991.0,8007.0,7957.0,7906.0,7765.0,7652.0,7457.0,7196.0,7077.0,6929.0,6593.0
1242,Calonge i Sant Antoni,Extranjero,3094.0,2943.0,2902.0,2738.0,2650.0,2604.0,2592.0,2523.0,2515.0,2605.0,2844.0,2804.0,2883.0,2872.0,2776.0,2552.0,2262.0,2085.0,1828.0,1689.0
1280,Camós,Total,715.0,711.0,677.0,693.0,690.0,687.0,683.0,683.0,686.0,692.0,677.0,684.0,681.0,692.0,696.0,698.0,677.0,673.0,659.0,661.0
1281,Camós,España,665.0,661.0,636.0,655.0,652.0,650.0,651.0,647.0,657.0,663.0,651.0,658.0,658.0,669.0,674.0,667.0,650.0,649.0,641.0,637.0
1282,Camós,Extranjero,50.0,50.0,41.0,38.0,38.0,37.0,32.0,36.0,29.0,29.0,26.0,26.0,23.0,23.0,22.0,31.0,27.0,24.0,18.0,24.0
1320,Campdevànol,Total,3217.0,3225.0,3232.0,3223.0,3204.0,3243.0,3314.0,3352.0,3395.0,3422.0,3469.0,3477.0,3499.0,3505.0,3501.0,3519.0,3499.0,3432.0,3361.0,3374.0
1321,Campdevànol,España,2992.0,3031.0,3044.0,3060.0,3071.0,3108.0,3183.0,3220.0,3258.0,3279.0,3311.0,3315.0,3328.0,3336.0,3334.0,3361.0,3356.0,3323.0,3275.0,3311.0
1322,Campdevànol,Extranjero,225.0,194.0,188.0,163.0,133.0,135.0,131.0,132.0,137.0,143.0,158.0,162.0,171.0,169.0,167.0,158.0,143.0,109.0,86.0,63.0
1360,Campelles,Total,162.0,149.0,140.0,139.0,133.0,135.0,137.0,127.0,132.0,137.0,136.0,136.0,127.0,125.0,128.0,111.0,106.0,114.0,122.0,124.0
1361,Campelles,España,145.0,134.0,127.0,127.0,120.0,116.0,119.0,114.0,116.0,122.0,121.0,126.0,116.0,116.0,118.0,111.0,106.0,114.0,122.0,124.0
1362,Campelles,Extranjero,17.0,15.0,13.0,12.0,13.0,19.0,18.0,13.0,16.0,15.0,15.0,10.0,11.0,9.0,10.0,0.0,0.0,0.0,0.0,0.0
1400,Campllong,Total,535.0,533.0,537.0,547.0,535.0,525.0,516.0,499.0,515.0,515.0,525.0,497.0,467.0,423.0,423.0,400.0,381.0,368.0,352.0,338.0
1401,Campllong,España,490.0,489.0,489.0,505.0,499.0,493.0,492.0,473.0,480.0,481.0,480.0,450.0,424.0,391.0,393.0,369.0,354.0,342.0,332.0,319.0
1402,Campllong,Extranjero,45.0,44.0,48.0,42.0,36.0,32.0,24.0,26.0,35.0,34.0,45.0,47.0,43.0,32.0,30.0,31.0,27.0,26.0,20.0,19.0
1440,Camprodon,Total,2469.0,2435.0,2298.0,2281.0,2261.0,2214.0,2221.0,2299.0,2359.0,2466.0,2466.0,2450.0,2479.0,2542.0,2578.0,2516.0,2438.0,2446.0,2390.0,2343.0
1441,Camprodon,España,2027.0,2017.0,1921.0,1953.0,1968.0,1959.0,1991.0,2040.0,2078.0,2155.0,2149.0,2118.0,2160.0,2202.0,2255.0,2243.0,2220.0,2257.0,2257.0,2245.0
1442,Camprodon,Extranjero,442.0,418.0,377.0,328.0,293.0,255.0,230.0,259.0,281.0,311.0,317.0,332.0,319.0,340.0,323.0,273.0,218.0,189.0,133.0,98.0
1480,Canet d'Adri,Total,750.0,749.0,729.0,723.0,708.0,703.0,702.0,671.0,644.0,627.0,624.0,609.0,618.0,605.0,601.0,599.0,576.0,564.0,538.0,519.0
1481,Canet d'Adri,España,677.0,677.0,668.0,667.0,660.0,655.0,654.0,627.0,606.0,591.0,593.0,581.0,589.0,580.0,577.0,580.0,565.0,549.0,528.0,510.0
1482,Canet d'Adri,Extranjero,73.0,72.0,61.0,56.0,48.0,48.0,48.0,44.0,38.0,36.0,31.0,28.0,29.0,25.0,24.0,19.0,11.0,15.0,10.0,9.0
1520,Cantallops,Total,330.0,305.0,309.0,313.0,313.0,322.0,317.0,328.0,324.0,335.0,333.0,326.0,319.0,319.0,320.0,295.0,287.0,271.0,267.0,265.0
1521,Cantallops,España,254.0,236.0,243.0,251.0,255.0,265.0,259.0,265.0,259.0,261.0,262.0,264.0,259.0,261.0,266.0,245.0,248.0,244.0,243.0,240.0
1522,Cantallops,Extranjero,76.0,69.0,66.0,62.0,58.0,57.0,58.0,63.0,65.0,74.0,71.0,62.0,60.0,58.0,54.0,50.0,39.0,27.0,24.0,25.0
1560,Capmany,Total,672.0,618.0,611.0,613.0,613.0,623.0,596.0,590.0,612.0,608.0,633.0,623.0,620.0,593.0,560.0,518.0,494.0,500.0,485.0,481.0
1561,Capmany,España,516.0,491.0,481.0,482.0,486.0,496.0,478.0,472.0,478.0,486.0,492.0,485.0,493.0,472.0,449.0,424.0,419.0,423.0,418.0,416.0
1562,Capmany,Extranjero,156.0,127.0,130.0,131.0,127.0,127.0,118.0,118.0,134.0,122.0,141.0,138.0,127.0,121.0,111.0,94.0,75.0,77.0,67.0,65.0
1600,Cassà de la Selva,Total,10680.0,10505.0,10410.0,10380.0,10359.0,10231.0,10025.0,10030.0,9922.0,9899.0,9925.0,9789.0,9637.0,9537.0,9256.0,8994.0,8780.0,8612.0,8325.0,8150.0
1601,Cassà de la Selva,España,8638.0,8579.0,8526.0,8542.0,8533.0,8476.0,8346.0,8345.0,8293.0,8222.0,8201.0,8114.0,8060.0,8050.0,7978.0,7888.0,7794.0,7729.0,7632.0,7568.0
1602,Cassà de la Selva,Extranjero,2042.0,1926.0,1884.0,1838.0,1826.0,1755.0,1679.0,1685.0,1629.0,1677.0,1724.0,1675.0,1577.0,1487.0,1278.0,1106.0,986.0,883.0,693.0,582.0
1640,Castellfollit de la Roca,Total,926.0,939.0,947.0,961.0,956.0,951.0,970.0,992.0,1013.0,1025.0,999.0,1002.0,1048.0,1043.0,1014.0,997.0,993.0,964.0,979.0,984.0
1641,Castellfollit de la Roca,España,794.0,807.0,815.0,822.0,830.0,826.0,842.0,858.0,877.0,874.0,861.0,857.0,887.0,880.0,862.0,867.0,877.0,865.0,889.0,900.0
1642,Castellfollit de la Roca,Extranjero,132.0,132.0,132.0,139.0,126.0,125.0,128.0,134.0,136.0,151.0,138.0,145.0,161.0,163.0,152.0,130.0,116.0,99.0,90.0,84.0
1680,Castelló d'Empúries,Total,11611.0,11154.0,11100.0,10906.0,10820.0,10791.0,10784.0,10870.0,11473.0,11910.0,11794.0,11885.0,12220.0,12111.0,11653.0,10629.0,10021.0,9167.0,7777.0,8165.0
1681,Castelló d'Empúries,España,6143.0,6092.0,6044.0,6046.0,6039.0,6003.0,6010.0,6090.0,6121.0,6130.0,6095.0,6138.0,6178.0,6086.0,5939.0,5703.0,5506.0,5280.0,4940.0,4799.0
1682,Castelló d'Empúries,Extranjero,5468.0,5062.0,5056.0,4860.0,4781.0,4788.0,4774.0,4780.0,5352.0,5780.0,5699.0,5747.0,6042.0,6025.0,5714.0,4926.0,4515.0,3887.0,2837.0,3366.0
1720,"Castell d'Aro, Platja d'Aro i s'Agaró",Total,11757.0,11455.0,11030.0,10860.0,10585.0,10593.0,10567.0,10589.0,10721.0,10765.0,10527.0,10420.0,10445.0,10376.0,10150.0,9766.0,9768.0,9239.0,8470.0,7905.0
1721,"Castell d'Aro, Platja d'Aro i s'Agaró",España,7366.0,7282.0,7034.0,7016.0,7002.0,6985.0,6990.0,6999.0,7108.0,7138.0,7068.0,7035.0,6980.0,6974.0,6941.0,6893.0,6818.0,6634.0,6440.0,6249.0
1722,"Castell d'Aro, Platja d'Aro i s'Agaró",Extranjero,4391.0,4173.0,3996.0,3844.0,3583.0,3608.0,3577.0,3590.0,3613.0,3627.0,3459.0,3385.0,3465.0,3402.0,3209.0,2873.0,2950.0,2605.0,2030.0,1656.0
1760,"Cellera de Ter, La",Total,1967.0,1973.0,1950.0,1946.0,1976.0,2006.0,2054.0,2071.0,2071.0,2062.0,2066.0,2105.0,2141.0,2186.0,2162.0,2124.0,2096.0,2064.0,2038.0,2064.0
1761,"Cellera de Ter, La",España,1746.0,1756.0,1749.0,1757.0,1778.0,1801.0,1829.0,1847.0,1837.0,1823.0,1828.0,1848.0,1869.0,1906.0,1902.0,1898.0,1894.0,1911.0,1928.0,1956.0
1762,"Cellera de Ter, La",Extranjero,221.0,217.0,201.0,189.0,198.0,205.0,225.0,224.0,234.0,239.0,238.0,257.0,272.0,280.0,260.0,226.0,202.0,153.0,110.0,108.0
1800,Celrà,Total,5503.0,5606.0,5561.0,5452.0,5390.0,5376.0,5303.0,5155.0,5053.0,5028.0,4914.0,4772.0,4638.0,4513.0,4329.0,3947.0,3783.0,3510.0,3218.0,3072.0
1801,Celrà,España,4336.0,4360.0,4325.0,4273.0,4205.0,4215.0,4207.0,4132.0,4098.0,4099.0,4027.0,3958.0,3906.0,3798.0,3661.0,3404.0,3248.0,3081.0,2911.0,2846.0
1802,Celrà,Extranjero,1167.0,1246.0,1236.0,1179.0,1185.0,1161.0,1096.0,1023.0,955.0,929.0,887.0,814.0,732.0,715.0,668.0,543.0,535.0,429.0,307.0,226.0
1840,Cervià de Ter,Total,999.0,973.0,966.0,968.0,948.0,923.0,916.0,926.0,934.0,909.0,906.0,895.0,895.0,889.0,863.0,850.0,827.0,796.0,730.0,702.0
1841,Cervià de Ter,España,872.0,849.0,836.0,842.0,830.0,822.0,824.0,828.0,835.0,813.0,805.0,804.0,799.0,786.0,768.0,767.0,748.0,733.0,692.0,676.0
1842,Cervià de Ter,Extranjero,127.0,124.0,130.0,126.0,118.0,101.0,92.0,98.0,99.0,96.0,101.0,91.0,96.0,103.0,95.0,83.0,79.0,63.0,38.0,26.0
1880,Cistella,Total,307.0,282.0,282.0,282.0,300.0,304.0,293.0,303.0,293.0,292.0,281.0,272.0,251.0,238.0,253.0,242.0,232.0,239.0,233.0,232.0
1881,Cistella,España,271.0,249.0,247.0,252.0,262.0,267.0,257.0,267.0,262.0,264.0,251.0,244.0,225.0,217.0,226.0,226.0,226.0,237.0,231.0,231.0
1882,Cistella,Extranjero,36.0,33.0,35.0,30.0,38.0,37.0,36.0,36.0,31.0,28.0,30.0,28.0,26.0,21.0,27.0,16.0,6.0,2.0,2.0,1.0
1920,Colera,Total,468.0,462.0,445.0,448.0,465.0,481.0,522.0,533.0,532.0,559.0,574.0,593.0,576.0,573.0,578.0,592.0,601.0,606.0,655.0,613.0
1921,Colera,España,371.0,365.0,361.0,367.0,377.0,391.0,413.0,412.0,407.0,416.0,427.0,445.0,440.0,455.0,464.0,479.0,499.0,517.0,575.0,522.0
1922,Colera,Extranjero,97.0,97.0,84.0,81.0,88.0,90.0,109.0,121.0,125.0,143.0,147.0,148.0,136.0,118.0,114.0,113.0,102.0,89.0,80.0,91.0
1960,Colomers,Total,204.0,188.0,174.0,176.0,176.0,179.0,188.0,189.0,195.0,193.0,205.0,196.0,201.0,195.0,203.0,203.0,213.0,207.0,202.0,206.0
1961,Colomers,España,180.0,166.0,156.0,159.0,163.0,164.0,168.0,171.0,177.0,176.0,181.0,177.0,181.0,181.0,189.0,192.0,204.0,200.0,195.0,200.0
1962,Colomers,Extranjero,24.0,22.0,18.0,17.0,13.0,15.0,20.0,18.0,18.0,17.0,24.0,19.0,20.0,14.0,14.0,11.0,9.0,7.0,7.0,6.0
2000,Corçà,Total,1268.0,1275.0,1268.0,1267.0,1253.0,1245.0,1249.0,1244.0,1257.0,1273.0,1279.0,1317.0,1296.0,1280.0,1270.0,1255.0,1261.0,1232.0,1201.0,1174.0
2001,Corçà,España,1163.0,1171.0,1160.0,1166.0,1155.0,1150.0,1161.0,1157.0,1152.0,1155.0,1159.0,1176.0,1152.0,1133.0,1124.0,1120.0,1134.0,1129.0,1119.0,1114.0
2002,Corçà,Extranjero,105.0,104.0,108.0,101.0,98.0,95.0,88.0,87.0,105.0,118.0,120.0,141.0,144.0,147.0,146.0,135.0,127.0,103.0,82.0,60.0
2040,Cornellà del Terri,Total,2407.0,2422.0,2399.0,2364.0,2322.0,2280.0,2279.0,2236.0,2235.0,2258.0,2257.0,2233.0,2210.0,2176.0,2189.0,2106.0,2079.0,2017.0,1992.0,1918.0
2041,Cornellà del Terri,España,2145.0,2159.0,2167.0,2147.0,2110.0,2083.0,2082.0,2061.0,2073.0,2085.0,2056.0,2031.0,2018.0,2000.0,2022.0,1977.0,1961.0,1926.0,1916.0,1860.0
2042,Cornellà del Terri,Extranjero,262.0,263.0,232.0,217.0,212.0,197.0,197.0,175.0,162.0,173.0,201.0,202.0,192.0,176.0,167.0,129.0,118.0,91.0,76.0,58.0
2080,Crespià,Total,276.0,270.0,254.0,246.0,251.0,259.0,267.0,256.0,245.0,256.0,266.0,260.0,253.0,253.0,257.0,247.0,242.0,241.0,227.0,231.0
2081,Crespià,España,226.0,219.0,205.0,204.0,209.0,212.0,221.0,218.0,209.0,211.0,217.0,214.0,205.0,208.0,216.0,216.0,214.0,217.0,207.0,210.0
2082,Crespià,Extranjero,50.0,51.0,49.0,42.0,42.0,47.0,46.0,38.0,36.0,45.0,49.0,46.0,48.0,45.0,41.0,31.0,28.0,24.0,20.0,21.0
2120,"Cruïlles, Monells i Sant Sadurní de l'Heura",Total,1338.0,1327.0,1270.0,1279.0,1274.0,1296.0,1292.0,1304.0,1284.0,1273.0,1253.0,1282.0,1250.0,1272.0,1270.0,1291.0,1271.0,1233.0,1201.0,1168.0
2121,"Cruïlles, Monells i Sant Sadurní de l'Heura",España,1163.0,1184.0,1136.0,1142.0,1141.0,1165.0,1168.0,1172.0,1153.0,1147.0,1133.0,1152.0,1128.0,1143.0,1138.0,1151.0,1132.0,1111.0,1108.0,1083.0
2122,"Cruïlles, Monells i Sant Sadurní de l'Heura",Extranjero,175.0,143.0,134.0,137.0,133.0,131.0,124.0,132.0,131.0,126.0,120.0,130.0,122.0,129.0,132.0,140.0,139.0,122.0,93.0,85.0
2160,Darnius,Total,535.0,540.0,537.0,546.0,557.0,564.0,550.0,554.0,534.0,551.0,532.0,528.0,529.0,536.0,534.0,537.0,547.0,543.0,516.0,519.0
2161,Darnius,España,438.0,449.0,446.0,457.0,469.0,477.0,472.0,457.0,451.0,449.0,431.0,436.0,431.0,443.0,441.0,437.0,449.0,451.0,439.0,443.0
2162,Darnius,Extranjero,97.0,91.0,91.0,89.0,88.0,87.0,78.0,97.0,83.0,102.0,101.0,92.0,98.0,93.0,93.0,100.0,98.0,92.0,77.0,76.0
2200,Das,Total,267.0,248.0,234.0,253.0,227.0,223.0,215.0,222.0,220.0,216.0,222.0,219.0,224.0,227.0,214.0,193.0,176.0,171.0,165.0,159.0
2201,Das,España,241.0,227.0,220.0,226.0,210.0,208.0,203.0,209.0,210.0,209.0,211.0,208.0,211.0,216.0,201.0,181.0,167.0,164.0,163.0,158.0
2202,Das,Extranjero,26.0,21.0,14.0,27.0,17.0,15.0,12.0,13.0,10.0,7.0,11.0,11.0,13.0,11.0,13.0,12.0,9.0,7.0,2.0,1.0
2240,"Escala, L'",Total,10520.0,10497.0,10244.0,10339.0,10417.0,10407.0,10400.0,10276.0,10143.0,10513.0,10508.0,10554.0,10387.0,10140.0,9829.0,9330.0,8795.0,8311.0,7455.0,6997.0
2241,"Escala, L'",España,7008.0,6971.0,6813.0,6865.0,6885.0,6942.0,6959.0,6932.0,6934.0,7003.0,7028.0,7013.0,6949.0,6876.0,6799.0,6696.0,6540.0,6349.0,5855.0,5703.0
2242,"Escala, L'",Extranjero,3512.0,3526.0,3431.0,3474.0,3532.0,3465.0,3441.0,3344.0,3209.0,3510.0,3480.0,3541.0,3438.0,3264.0,3030.0,2634.0,2255.0,1962.0,1600.0,1294.0
2280,Espinelves,Total,248.0,239.0,221.0,215.0,206.0,203.0,201.0,196.0,196.0,193.0,201.0,199.0,192.0,190.0,191.0,183.0,199.0,193.0,189.0,191.0
2281,Espinelves,España,231.0,223.0,211.0,205.0,197.0,197.0,196.0,187.0,183.0,186.0,192.0,190.0,187.0,186.0,186.0,176.0,190.0,186.0,184.0,187.0
2282,Espinelves,Extranjero,17.0,16.0,10.0,10.0,9.0,6.0,5.0,9.0,13.0,7.0,9.0,9.0,5.0,4.0,5.0,7.0,9.0,7.0,5.0,4.0
2320,Espolla,Total,408.0,412.0,412.0,416.0,425.0,423.0,421.0,415.0,417.0,407.0,421.0,417.0,408.0,404.0,408.0,404.0,367.0,395.0,380.0,374.0
2321,Espolla,España,349.0,357.0,356.0,357.0,363.0,364.0,362.0,372.0,373.0,367.0,372.0,373.0,370.0,372.0,377.0,376.0,344.0,359.0,358.0,357.0
2322,Espolla,Extranjero,59.0,55.0,56.0,59.0,62.0,59.0,59.0,43.0,44.0,40.0,49.0,44.0,38.0,32.0,31.0,28.0,23.0,36.0,22.0,17.0
2360,Esponellà,Total,489.0,469.0,463.0,438.0,433.0,432.0,456.0,444.0,458.0,447.0,446.0,451.0,461.0,462.0,451.0,441.0,437.0,432.0,426.0,422.0
2361,Esponellà,España,441.0,421.0,418.0,408.0,405.0,396.0,411.0,402.0,413.0,397.0,402.0,409.0,425.0,424.0,414.0,406.0,404.0,405.0,403.0,400.0
2362,Esponellà,Extranjero,48.0,48.0,45.0,30.0,28.0,36.0,45.0,42.0,45.0,50.0,44.0,42.0,36.0,38.0,37.0,35.0,33.0,27.0,23.0,22.0
2400,"Far d'Empordà, El",Total,625.0,619.0,602.0,599.0,576.0,568.0,553.0,552.0,563.0,568.0,555.0,555.0,545.0,537.0,524.0,510.0,483.0,448.0,440.0,404.0
2401,"Far d'Empordà, El",España,583.0,567.0,553.0,563.0,539.0,534.0,523.0,525.0,530.0,529.0,518.0,516.0,505.0,505.0,495.0,478.0,454.0,421.0,420.0,387.0
2402,"Far d'Empordà, El",Extranjero,42.0,52.0,49.0,36.0,37.0,34.0,30.0,27.0,33.0,39.0,37.0,39.0,40.0,32.0,29.0,32.0,29.0,27.0,20.0,17.0
2440,Figueres,Total,47088.0,47043.0,47235.0,46654.0,46381.0,45961.0,45726.0,45346.0,45444.0,45123.0,45262.0,44765.0,44255.0,43330.0,42809.0,41115.0,39641.0,38884.0,37032.0,36338.0
2441,Figueres,España,31542.0,31812.0,32125.0,32215.0,32382.0,32267.0,32119.0,31968.0,31848.0,31578.0,31528.0,31529.0,31396.0,31031.0,31173.0,31238.0,31411.0,31581.0,31381.0,31596.0
2442,Figueres,Extranjero,15546.0,15231.0,15110.0,14439.0,13999.0,13694.0,13607.0,13378.0,13596.0,13545.0,13734.0,13236.0,12859.0,12299.0,11636.0,9877.0,8230.0,7303.0,5651.0,4742.0
2480,Flaçà,Total,1130.0,1147.0,1130.0,1093.0,1081.0,1050.0,1018.0,1060.0,1041.0,1049.0,1065.0,1059.0,1070.0,1072.0,1050.0,1018.0,997.0,983.0,932.0,900.0
2481,Flaçà,España,850.0,865.0,855.0,843.0,851.0,845.0,835.0,863.0,849.0,867.0,874.0,877.0,890.0,898.0,875.0,867.0,859.0,855.0,825.0,822.0
2482,Flaçà,Extranjero,280.0,282.0,275.0,250.0,230.0,205.0,183.0,197.0,192.0,182.0,191.0,182.0,180.0,174.0,175.0,151.0,138.0,128.0,107.0,78.0
2520,Foixà,Total,288.0,299.0,303.0,297.0,305.0,313.0,309.0,306.0,320.0,317.0,311.0,318.0,327.0,336.0,333.0,324.0,325.0,329.0,321.0,303.0
2521,Foixà,España,267.0,274.0,281.0,276.0,280.0,288.0,281.0,282.0,289.0,282.0,282.0,287.0,296.0,307.0,303.0,297.0,298.0,296.0,299.0,288.0
2522,Foixà,Extranjero,21.0,25.0,22.0,21.0,25.0,25.0,28.0,24.0,31.0,35.0,29.0,31.0,31.0,29.0,30.0,27.0,27.0,33.0,22.0,15.0
2560,Fontanals de Cerdanya,Total,533.0,506.0,437.0,444.0,455.0,448.0,446.0,450.0,443.0,458.0,472.0,465.0,457.0,451.0,443.0,446.0,425.0,436.0,428.0,419.0
2561,Fontanals de Cerdanya,España,484.0,458.0,398.0,407.0,414.0,410.0,405.0,409.0,406.0,423.0,440.0,430.0,425.0,422.0,414.0,415.0,404.0,418.0,411.0,407.0
2562,Fontanals de Cerdanya,Extranjero,49.0,48.0,39.0,37.0,41.0,38.0,41.0,41.0,37.0,35.0,32.0,35.0,32.0,29.0,29.0,31.0,21.0,18.0,17.0,12.0
2600,Fontanilles,Total,163.0,157.0,146.0,139.0,138.0,138.0,140.0,144.0,160.0,154.0,156.0,167.0,160.0,173.0,167.0,163.0,175.0,164.0,159.0,165.0
2601,Fontanilles,España,128.0,127.0,119.0,120.0,120.0,120.0,120.0,121.0,132.0,127.0,132.0,136.0,133.0,140.0,133.0,136.0,147.0,142.0,143.0,148.0
2602,Fontanilles,Extranjero,35.0,30.0,27.0,19.0,18.0,18.0,20.0,23.0,28.0,27.0,24.0,31.0,27.0,33.0,34.0,27.0,28.0,22.0,16.0,17.0
2640,Fontcoberta,Total,1466.0,1468.0,1469.0,1468.0,1474.0,1481.0,1471.0,1448.0,1442.0,1439.0,1375.0,1349.0,1280.0,1251.0,1200.0,1212.0,1181.0,1137.0,1145.0,1152.0
2641,Fontcoberta,España,1394.0,1390.0,1392.0,1391.0,1401.0,1410.0,1401.0,1383.0,1371.0,1369.0,1308.0,1292.0,1236.0,1206.0,1161.0,1164.0,1146.0,1113.0,1123.0,1132.0
2642,Fontcoberta,Extranjero,72.0,78.0,77.0,77.0,73.0,71.0,70.0,65.0,71.0,70.0,67.0,57.0,44.0,45.0,39.0,48.0,35.0,24.0,22.0,20.0
2680,Forallac,Total,1765.0,1708.0,1695.0,1687.0,1713.0,1708.0,1723.0,1705.0,1729.0,1700.0,1721.0,1785.0,1749.0,1737.0,1740.0,1736.0,1746.0,1745.0,1746.0,1684.0
2681,Forallac,España,1545.0,1511.0,1508.0,1520.0,1551.0,1547.0,1562.0,1548.0,1577.0,1539.0,1554.0,1597.0,1580.0,1577.0,1601.0,1617.0,1630.0,1623.0,1633.0,1577.0
2682,Forallac,Extranjero,220.0,197.0,187.0,167.0,162.0,161.0,161.0,157.0,152.0,161.0,167.0,188.0,169.0,160.0,139.0,119.0,116.0,122.0,113.0,107.0
2720,Fornells de la Selva,Total,2693.0,2700.0,2670.0,2650.0,2649.0,2613.0,2547.0,2528.0,2479.0,2462.0,2449.0,2380.0,2343.0,2295.0,2110.0,1971.0,1890.0,1884.0,1760.0,1691.0
2721,Fornells de la Selva,España,2503.0,2519.0,2498.0,2494.0,2508.0,2483.0,2433.0,2413.0,2373.0,2354.0,2339.0,2271.0,2234.0,2181.0,2011.0,1884.0,1833.0,1824.0,1724.0,1661.0
2722,Fornells de la Selva,Extranjero,190.0,181.0,172.0,156.0,141.0,130.0,114.0,115.0,106.0,108.0,110.0,109.0,109.0,114.0,99.0,87.0,57.0,60.0,36.0,30.0
2760,Fortià,Total,778.0,793.0,787.0,763.0,732.0,726.0,721.0,723.0,710.0,682.0,679.0,658.0,642.0,639.0,628.0,605.0,582.0,572.0,547.0,534.0
2761,Fortià,España,656.0,656.0,646.0,634.0,627.0,634.0,624.0,629.0,617.0,597.0,591.0,574.0,556.0,550.0,540.0,525.0,511.0,511.0,497.0,500.0
2762,Fortià,Extranjero,122.0,137.0,141.0,129.0,105.0,92.0,97.0,94.0,93.0,85.0,88.0,84.0,86.0,89.0,88.0,80.0,71.0,61.0,50.0,34.0
2800,Garrigàs,Total,458.0,464.0,451.0,437.0,439.0,436.0,435.0,423.0,398.0,409.0,382.0,386.0,382.0,395.0,395.0,355.0,346.0,332.0,321.0,313.0
2801,Garrigàs,España,399.0,401.0,404.0,394.0,395.0,392.0,391.0,377.0,356.0,363.0,344.0,349.0,340.0,350.0,352.0,323.0,319.0,305.0,296.0,297.0
2802,Garrigàs,Extranjero,59.0,63.0,47.0,43.0,44.0,44.0,44.0,46.0,42.0,46.0,38.0,37.0,42.0,45.0,43.0,32.0,27.0,27.0,25.0,16.0
2840,Garrigoles,Total,177.0,170.0,167.0,162.0,175.0,172.0,163.0,160.0,159.0,157.0,167.0,164.0,157.0,160.0,167.0,166.0,155.0,156.0,141.0,144.0
2841,Garrigoles,España,154.0,147.0,143.0,144.0,156.0,151.0,145.0,143.0,145.0,142.0,147.0,144.0,142.0,147.0,152.0,148.0,144.0,150.0,140.0,143.0
2842,Garrigoles,Extranjero,23.0,23.0,24.0,18.0,19.0,21.0,18.0,17.0,14.0,15.0,20.0,20.0,15.0,13.0,15.0,18.0,11.0,6.0,1.0,1.0
2880,Garriguella,Total,922.0,909.0,853.0,855.0,840.0,851.0,854.0,842.0,857.0,864.0,874.0,863.0,858.0,825.0,821.0,795.0,731.0,735.0,717.0,702.0
2881,Garriguella,España,728.0,704.0,664.0,677.0,666.0,676.0,687.0,687.0,700.0,702.0,699.0,694.0,690.0,684.0,671.0,658.0,613.0,609.0,613.0,614.0
2882,Garriguella,Extranjero,194.0,205.0,189.0,178.0,174.0,175.0,167.0,155.0,157.0,162.0,175.0,169.0,168.0,141.0,150.0,137.0,118.0,126.0,104.0,88.0
2920,Ger,Total,512.0,502.0,449.0,448.0,429.0,423.0,436.0,430.0,432.0,456.0,481.0,467.0,461.0,450.0,449.0,444.0,450.0,433.0,409.0,376.0
2921,Ger,España,469.0,467.0,414.0,410.0,391.0,385.0,395.0,388.0,386.0,393.0,411.0,399.0,397.0,395.0,379.0,380.0,388.0,386.0,376.0,364.0
2922,Ger,Extranjero,43.0,35.0,35.0,38.0,38.0,38.0,41.0,42.0,46.0,63.0,70.0,68.0,64.0,55.0,70.0,64.0,62.0,47.0,33.0,12.0
2960,Girona,Total,102666.0,101932.0,103369.0,101852.0,100266.0,99013.0,98255.0,97586.0,97227.0,97292.0,97198.0,96722.0,96236.0,96188.0,94484.0,92186.0,89890.0,86672.0,83531.0,81220.0
2961,Girona,España,76298.0,76325.0,77293.0,77618.0,77722.0,77516.0,77365.0,77034.0,76619.0,76110.0,76109.0,75763.0,75184.0,75121.0,74797.0,74833.0,74870.0,74689.0,74131.0,73224.0
2962,Girona,Extranjero,26368.0,25607.0,26076.0,24234.0,22544.0,21497.0,20890.0,20552.0,20608.0,21182.0,21089.0,20959.0,21052.0,21067.0,19687.0,17353.0,15020.0,11983.0,9400.0,7996.0
3000,Gombrèn,Total,200.0,196.0,192.0,188.0,186.0,185.0,184.0,185.0,195.0,199.0,209.0,209.0,224.0,232.0,239.0,229.0,222.0,229.0,236.0,239.0
3001,Gombrèn,España,182.0,180.0,178.0,176.0,169.0,172.0,171.0,172.0,179.0,182.0,190.0,190.0,206.0,215.0,224.0,220.0,217.0,220.0,223.0,222.0
3002,Gombrèn,Extranjero,18.0,16.0,14.0,12.0,17.0,13.0,13.0,13.0,16.0,17.0,19.0,19.0,18.0,17.0,15.0,9.0,5.0,9.0,13.0,17.0
3040,Gualta,Total,439.0,421.0,402.0,397.0,392.0,392.0,376.0,368.0,362.0,368.0,362.0,358.0,365.0,380.0,347.0,349.0,358.0,359.0,330.0,321.0
3041,Gualta,España,321.0,312.0,302.0,300.0,301.0,299.0,302.0,297.0,300.0,305.0,299.0,292.0,296.0,297.0,282.0,279.0,281.0,275.0,280.0,273.0
3042,Gualta,Extranjero,118.0,109.0,100.0,97.0,91.0,93.0,74.0,71.0,62.0,63.0,63.0,66.0,69.0,83.0,65.0,70.0,77.0,84.0,50.0,48.0
3080,Guils de Cerdanya,Total,573.0,588.0,549.0,537.0,529.0,525.0,531.0,523.0,536.0,564.0,558.0,565.0,519.0,479.0,467.0,452.0,438.0,392.0,368.0,347.0
3081,Guils de Cerdanya,España,523.0,532.0,492.0,475.0,462.0,456.0,464.0,459.0,471.0,503.0,496.0,503.0,461.0,424.0,409.0,389.0,385.0,355.0,340.0,326.0
3082,Guils de Cerdanya,Extranjero,50.0,56.0,57.0,62.0,67.0,69.0,67.0,64.0,65.0,61.0,62.0,62.0,58.0,55.0,58.0,63.0,53.0,37.0,28.0,21.0
3120,Hostalric,Total,4370.0,4332.0,4291.0,4221.0,4139.0,4106.0,4058.0,4005.0,4010.0,3980.0,4018.0,4030.0,3998.0,3994.0,3882.0,3773.0,3619.0,3459.0,3247.0,3019.0
3121,Hostalric,España,3674.0,3641.0,3631.0,3634.0,3608.0,3590.0,3580.0,3543.0,3550.0,3502.0,3497.0,3489.0,3447.0,3473.0,3417.0,3369.0,3269.0,3173.0,3062.0,2886.0
3122,Hostalric,Extranjero,696.0,691.0,660.0,587.0,531.0,516.0,478.0,462.0,460.0,478.0,521.0,541.0,551.0,521.0,465.0,404.0,350.0,286.0,185.0,133.0
3160,Isòvol,Total,318.0,314.0,281.0,281.0,278.0,270.0,276.0,281.0,301.0,318.0,327.0,322.0,309.0,289.0,268.0,278.0,265.0,231.0,202.0,205.0
3161,Isòvol,España,304.0,296.0,266.0,269.0,263.0,257.0,265.0,264.0,281.0,288.0,299.0,292.0,278.0,257.0,247.0,251.0,234.0,216.0,197.0,200.0
3162,Isòvol,Extranjero,14.0,18.0,15.0,12.0,15.0,13.0,11.0,17.0,20.0,30.0,28.0,30.0,31.0,32.0,21.0,27.0,31.0,15.0,5.0,5.0
3200,Jafre,Total,386.0,382.0,387.0,380.0,390.0,393.0,386.0,387.0,396.0,407.0,425.0,413.0,432.0,419.0,402.0,403.0,386.0,377.0,359.0,348.0
3201,Jafre,España,328.0,327.0,335.0,331.0,338.0,344.0,340.0,336.0,330.0,324.0,335.0,332.0,342.0,334.0,315.0,316.0,317.0,316.0,315.0,316.0
3202,Jafre,Extranjero,58.0,55.0,52.0,49.0,52.0,49.0,46.0,51.0,66.0,83.0,90.0,81.0,90.0,85.0,87.0,87.0,69.0,61.0,44.0,32.0
3240,"Jonquera, La",Total,3317.0,3340.0,3320.0,3290.0,3233.0,3157.0,3231.0,3220.0,3115.0,3135.0,3203.0,3094.0,3106.0,3174.0,3107.0,3075.0,3020.0,3016.0,2920.0,2849.0
3241,"Jonquera, La",España,1847.0,1892.0,1901.0,1930.0,1926.0,1913.0,1965.0,1965.0,1955.0,1957.0,1979.0,1978.0,1985.0,2003.0,2015.0,2048.0,2089.0,2120.0,2191.0,2224.0
3242,"Jonquera, La",Extranjero,1470.0,1448.0,1419.0,1360.0,1307.0,1244.0,1266.0,1255.0,1160.0,1178.0,1224.0,1116.0,1121.0,1171.0,1092.0,1027.0,931.0,896.0,729.0,625.0
3280,Juià,Total,334.0,327.0,319.0,323.0,335.0,334.0,327.0,338.0,340.0,353.0,347.0,338.0,325.0,326.0,301.0,297.0,318.0,298.0,287.0,262.0
3281,Juià,España,291.0,289.0,282.0,290.0,298.0,294.0,299.0,304.0,298.0,312.0,302.0,293.0,281.0,285.0,275.0,277.0,272.0,262.0,264.0,248.0
3282,Juià,Extranjero,43.0,38.0,37.0,33.0,37.0,40.0,28.0,34.0,42.0,41.0,45.0,45.0,44.0,41.0,26.0,20.0,46.0,36.0,23.0,14.0
3320,Lladó,Total,827.0,845.0,844.0,818.0,787.0,773.0,752.0,767.0,767.0,755.0,736.0,713.0,697.0,682.0,644.0,605.0,591.0,562.0,561.0,541.0
3321,Lladó,España,734.0,753.0,757.0,734.0,707.0,689.0,676.0,701.0,700.0,693.0,688.0,663.0,656.0,645.0,608.0,573.0,554.0,530.0,519.0,509.0
3322,Lladó,Extranjero,93.0,92.0,87.0,84.0,80.0,84.0,76.0,66.0,67.0,62.0,48.0,50.0,41.0,37.0,36.0,32.0,37.0,32.0,42.0,32.0
3360,Llagostera,Total,9024.0,8851.0,8647.0,8453.0,8297.0,8229.0,8266.0,8224.0,8198.0,8200.0,8157.0,8105.0,7915.0,7764.0,7614.0,7314.0,7062.0,6764.0,6461.0,6293.0
3361,Llagostera,España,7285.0,7152.0,7031.0,6926.0,6849.0,6835.0,6806.0,6747.0,6715.0,6683.0,6656.0,6636.0,6504.0,6362.0,6317.0,6179.0,6022.0,5821.0,5693.0,5554.0
3362,Llagostera,Extranjero,1739.0,1699.0,1616.0,1527.0,1448.0,1394.0,1460.0,1477.0,1483.0,1517.0,1501.0,1469.0,1411.0,1402.0,1297.0,1135.0,1040.0,943.0,768.0,739.0
3400,Llambilles,Total,731.0,730.0,713.0,696.0,693.0,716.0,723.0,733.0,738.0,732.0,713.0,717.0,690.0,678.0,660.0,641.0,612.0,585.0,522.0,504.0
3401,Llambilles,España,692.0,691.0,673.0,665.0,661.0,687.0,696.0,709.0,713.0,709.0,688.0,695.0,671.0,652.0,631.0,604.0,575.0,555.0,495.0,478.0
3402,Llambilles,Extranjero,39.0,39.0,40.0,31.0,32.0,29.0,27.0,24.0,25.0,23.0,25.0,22.0,19.0,26.0,29.0,37.0,37.0,30.0,27.0,26.0
3440,Llanars,Total,533.0,535.0,535.0,505.0,514.0,507.0,514.0,512.0,509.0,506.0,534.0,561.0,571.0,584.0,571.0,569.0,558.0,546.0,527.0,511.0
3441,Llanars,España,464.0,461.0,462.0,451.0,466.0,464.0,473.0,467.0,465.0,458.0,469.0,498.0,499.0,515.0,511.0,515.0,514.0,508.0,503.0,494.0
3442,Llanars,Extranjero,69.0,74.0,73.0,54.0,48.0,43.0,41.0,45.0,44.0,48.0,65.0,63.0,72.0,69.0,60.0,54.0,44.0,38.0,24.0,17.0
3480,Llançà,Total,4905.0,4842.0,4775.0,4836.0,4868.0,4796.0,4934.0,4985.0,4970.0,5018.0,5105.0,5140.0,5214.0,5209.0,5082.0,4862.0,4611.0,4371.0,4205.0,4232.0
3481,Llançà,España,4059.0,4024.0,3992.0,4027.0,4052.0,4068.0,4114.0,4084.0,4088.0,4133.0,4160.0,4202.0,4212.0,4179.0,4150.0,4051.0,3947.0,3819.0,3779.0,3707.0
3482,Llançà,Extranjero,846.0,818.0,783.0,809.0,816.0,728.0,820.0,901.0,882.0,885.0,945.0,938.0,1002.0,1030.0,932.0,811.0,664.0,552.0,426.0,525.0
3520,Llers,Total,1245.0,1252.0,1237.0,1239.0,1239.0,1211.0,1210.0,1209.0,1242.0,1229.0,1194.0,1193.0,1172.0,1179.0,1157.0,1144.0,1167.0,1145.0,1097.0,1068.0
3521,Llers,España,1082.0,1084.0,1078.0,1080.0,1087.0,1073.0,1070.0,1072.0,1072.0,1058.0,1037.0,1041.0,1020.0,1025.0,1027.0,1027.0,1046.0,1033.0,1015.0,998.0
3522,Llers,Extranjero,163.0,168.0,159.0,159.0,152.0,138.0,140.0,137.0,170.0,171.0,157.0,152.0,152.0,154.0,130.0,117.0,121.0,112.0,82.0,70.0
3560,Llívia,Total,1495.0,1504.0,1431.0,1417.0,1428.0,1415.0,1467.0,1456.0,1536.0,1625.0,1689.0,1665.0,1608.0,1589.0,1517.0,1388.0,1291.0,1252.0,1173.0,1160.0
3561,Llívia,España,1233.0,1242.0,1194.0,1194.0,1190.0,1176.0,1195.0,1184.0,1233.0,1272.0,1327.0,1319.0,1272.0,1247.0,1195.0,1103.0,1038.0,1042.0,1030.0,1023.0
3562,Llívia,Extranjero,262.0,262.0,237.0,223.0,238.0,239.0,272.0,272.0,303.0,353.0,362.0,346.0,336.0,342.0,322.0,285.0,253.0,210.0,143.0,137.0
3600,Lloret de Mar,Total,38941.0,38402.0,39089.0,38373.0,37350.0,36878.0,37042.0,37618.0,38624.0,40803.0,40837.0,40282.0,39794.0,39363.0,37734.0,34997.0,32728.0,29445.0,26557.0,25457.0
3601,Lloret de Mar,España,23137.0,23024.0,22935.0,23007.0,22891.0,22831.0,22723.0,22693.0,22800.0,22937.0,22873.0,22790.0,22655.0,22513.0,22207.0,21662.0,20941.0,20017.0,19166.0,18773.0
3602,Lloret de Mar,Extranjero,15804.0,15378.0,16154.0,15366.0,14459.0,14047.0,14319.0,14925.0,15824.0,17866.0,17964.0,17492.0,17139.0,16850.0,15527.0,13335.0,11787.0,9428.0,7391.0,6684.0
3640,"Llosses, Les",Total,205.0,209.0,212.0,218.0,219.0,210.0,213.0,226.0,211.0,214.0,224.0,221.0,221.0,234.0,234.0,238.0,246.0,261.0,262.0,262.0
3641,"Llosses, Les",España,191.0,195.0,196.0,200.0,202.0,200.0,202.0,214.0,201.0,203.0,209.0,211.0,209.0,222.0,224.0,226.0,225.0,246.0,248.0,248.0
3642,"Llosses, Les",Extranjero,14.0,14.0,16.0,18.0,17.0,10.0,11.0,12.0,10.0,11.0,15.0,10.0,12.0,12.0,10.0,12.0,21.0,15.0,14.0,14.0
3680,Maçanet de Cabrenys,Total,724.0,729.0,698.0,688.0,681.0,706.0,740.0,755.0,781.0,745.0,739.0,735.0,728.0,729.0,723.0,722.0,700.0,734.0,721.0,700.0
3681,Maçanet de Cabrenys,España,603.0,617.0,605.0,606.0,603.0,615.0,634.0,645.0,664.0,639.0,643.0,643.0,644.0,656.0,656.0,659.0,643.0,656.0,658.0,652.0
3682,Maçanet de Cabrenys,Extranjero,121.0,112.0,93.0,82.0,78.0,91.0,106.0,110.0,117.0,106.0,96.0,92.0,84.0,73.0,67.0,63.0,57.0,78.0,63.0,48.0
3720,Maçanet de la Selva,Total,7572.0,7349.0,7066.0,7006.0,6919.0,6822.0,6819.0,6887.0,6963.0,7202.0,7175.0,7099.0,7020.0,6871.0,6611.0,6254.0,5712.0,5354.0,4913.0,4524.0
3721,Maçanet de la Selva,España,6401.0,6250.0,6067.0,6091.0,6061.0,5996.0,5976.0,5973.0,6022.0,6142.0,6141.0,6096.0,6058.0,5965.0,5777.0,5530.0,5142.0,4909.0,4595.0,4261.0
3722,Maçanet de la Selva,Extranjero,1171.0,1099.0,999.0,915.0,858.0,826.0,843.0,914.0,941.0,1060.0,1034.0,1003.0,962.0,906.0,834.0,724.0,570.0,445.0,318.0,263.0
3760,Madremanya,Total,302.0,296.0,288.0,283.0,282.0,284.0,280.0,276.0,283.0,279.0,266.0,260.0,250.0,238.0,232.0,219.0,222.0,222.0,208.0,188.0
3761,Madremanya,España,258.0,252.0,251.0,244.0,254.0,251.0,247.0,242.0,248.0,240.0,230.0,226.0,220.0,209.0,201.0,195.0,197.0,196.0,189.0,172.0
3762,Madremanya,Extranjero,44.0,44.0,37.0,39.0,28.0,33.0,33.0,34.0,35.0,39.0,36.0,34.0,30.0,29.0,31.0,24.0,25.0,26.0,19.0,16.0
3800,Maià de Montcal,Total,462.0,469.0,463.0,449.0,413.0,409.0,433.0,446.0,443.0,453.0,443.0,432.0,433.0,410.0,407.0,378.0,379.0,374.0,365.0,346.0
3801,Maià de Montcal,España,374.0,381.0,374.0,361.0,357.0,352.0,373.0,392.0,389.0,392.0,382.0,379.0,381.0,362.0,363.0,339.0,343.0,344.0,338.0,318.0
3802,Maià de Montcal,Extranjero,88.0,88.0,89.0,88.0,56.0,57.0,60.0,54.0,54.0,61.0,61.0,53.0,52.0,48.0,44.0,39.0,36.0,30.0,27.0,28.0
3840,Masarac,Total,294.0,284.0,288.0,288.0,272.0,279.0,289.0,294.0,284.0,296.0,293.0,296.0,276.0,265.0,278.0,269.0,265.0,263.0,258.0,251.0
3841,Masarac,España,234.0,230.0,224.0,226.0,226.0,225.0,232.0,235.0,229.0,238.0,238.0,240.0,232.0,227.0,235.0,240.0,241.0,237.0,243.0,239.0
3842,Masarac,Extranjero,60.0,54.0,64.0,62.0,46.0,54.0,57.0,59.0,55.0,58.0,55.0,56.0,44.0,38.0,43.0,29.0,24.0,26.0,15.0,12.0
3880,Massanes,Total,825.0,803.0,796.0,761.0,730.0,721.0,742.0,722.0,723.0,708.0,711.0,700.0,726.0,713.0,709.0,693.0,660.0,624.0,588.0,567.0
3881,Massanes,España,750.0,747.0,738.0,704.0,670.0,661.0,684.0,673.0,674.0,660.0,666.0,650.0,676.0,666.0,666.0,652.0,634.0,603.0,576.0,557.0
3882,Massanes,Extranjero,75.0,56.0,58.0,57.0,60.0,60.0,58.0,49.0,49.0,48.0,45.0,50.0,50.0,47.0,43.0,41.0,26.0,21.0,12.0,10.0
3920,Meranges,Total,111.0,97.0,100.0,104.0,98.0,99.0,99.0,100.0,94.0,100.0,91.0,96.0,89.0,93.0,83.0,87.0,86.0,88.0,85.0,81.0
3921,Meranges,España,99.0,89.0,92.0,94.0,89.0,92.0,91.0,91.0,88.0,91.0,83.0,81.0,79.0,79.0,79.0,81.0,81.0,82.0,81.0,78.0
3922,Meranges,Extranjero,12.0,8.0,8.0,10.0,9.0,7.0,8.0,9.0,6.0,9.0,8.0,15.0,10.0,14.0,4.0,6.0,5.0,6.0,4.0,3.0
3960,Mieres,Total,341.0,349.0,345.0,318.0,312.0,318.0,317.0,330.0,326.0,337.0,333.0,335.0,330.0,344.0,346.0,320.0,331.0,352.0,356.0,347.0
3961,Mieres,España,299.0,310.0,310.0,289.0,283.0,290.0,289.0,304.0,303.0,308.0,309.0,314.0,304.0,313.0,314.0,294.0,311.0,326.0,333.0,327.0
3962,Mieres,Extranjero,42.0,39.0,35.0,29.0,29.0,28.0,28.0,26.0,23.0,29.0,24.0,21.0,26.0,31.0,32.0,26.0,20.0,26.0,23.0,20.0
4000,Mollet de Peralada,Total,202.0,197.0,198.0,189.0,190.0,186.0,180.0,180.0,182.0,174.0,180.0,178.0,170.0,174.0,171.0,174.0,172.0,175.0,174.0,172.0
4001,Mollet de Peralada,España,172.0,174.0,175.0,166.0,169.0,171.0,167.0,166.0,167.0,153.0,157.0,157.0,150.0,151.0,150.0,156.0,156.0,162.0,161.0,163.0
4002,Mollet de Peralada,Extranjero,30.0,23.0,23.0,23.0,21.0,15.0,13.0,14.0,15.0,21.0,23.0,21.0,20.0,23.0,21.0,18.0,16.0,13.0,13.0,9.0
4040,Molló,Total,365.0,347.0,336.0,337.0,328.0,342.0,335.0,330.0,339.0,356.0,350.0,358.0,354.0,360.0,349.0,340.0,329.0,336.0,343.0,333.0
4041,Molló,España,340.0,322.0,314.0,314.0,306.0,320.0,313.0,310.0,319.0,331.0,333.0,342.0,339.0,342.0,332.0,331.0,322.0,331.0,340.0,330.0
4042,Molló,Extranjero,25.0,25.0,22.0,23.0,22.0,22.0,22.0,20.0,20.0,25.0,17.0,16.0,15.0,18.0,17.0,9.0,7.0,5.0,3.0,3.0
4080,Montagut i Oix,Total,958.0,951.0,930.0,916.0,899.0,919.0,929.0,949.0,970.0,957.0,978.0,983.0,989.0,971.0,960.0,940.0,903.0,875.0,858.0,839.0
4081,Montagut i Oix,España,873.0,868.0,849.0,836.0,824.0,849.0,854.0,874.0,888.0,880.0,903.0,893.0,892.0,874.0,879.0,861.0,823.0,808.0,802.0,797.0
4082,Montagut i Oix,Extranjero,85.0,83.0,81.0,80.0,75.0,70.0,75.0,75.0,82.0,77.0,75.0,90.0,97.0,97.0,81.0,79.0,80.0,67.0,56.0,42.0
4120,Mont-ras,Total,1676.0,1672.0,1680.0,1679.0,1691.0,1725.0,1690.0,1710.0,1739.0,1785.0,1818.0,1833.0,1821.0,1847.0,1838.0,1859.0,1841.0,1826.0,1761.0,1749.0
4121,Mont-ras,España,1477.0,1477.0,1480.0,1490.0,1501.0,1545.0,1518.0,1546.0,1558.0,1590.0,1608.0,1618.0,1618.0,1646.0,1632.0,1645.0,1623.0,1632.0,1622.0,1606.0
4122,Mont-ras,Extranjero,199.0,195.0,200.0,189.0,190.0,180.0,172.0,164.0,181.0,195.0,210.0,215.0,203.0,201.0,206.0,214.0,218.0,194.0,139.0,143.0
4160,Navata,Total,1465.0,1434.0,1427.0,1381.0,1313.0,1307.0,1329.0,1323.0,1262.0,1258.0,1254.0,1227.0,1158.0,1128.0,1080.0,1023.0,980.0,882.0,826.0,793.0
4161,Navata,España,1222.0,1203.0,1202.0,1157.0,1124.0,1101.0,1105.0,1077.0,1034.0,1023.0,999.0,978.0,945.0,896.0,864.0,825.0,801.0,746.0,729.0,708.0
4162,Navata,Extranjero,243.0,231.0,225.0,224.0,189.0,206.0,224.0,246.0,228.0,235.0,255.0,249.0,213.0,232.0,216.0,198.0,179.0,136.0,97.0,85.0
4200,Ogassa,Total,222.0,240.0,240.0,234.0,226.0,228.0,225.0,232.0,245.0,248.0,247.0,251.0,256.0,264.0,266.0,274.0,265.0,262.0,260.0,255.0
4201,Ogassa,España,209.0,229.0,228.0,224.0,218.0,220.0,219.0,227.0,240.0,242.0,240.0,243.0,248.0,255.0,255.0,262.0,256.0,255.0,253.0,249.0
4202,Ogassa,Extranjero,13.0,11.0,12.0,10.0,8.0,8.0,6.0,5.0,5.0,6.0,7.0,8.0,8.0,9.0,11.0,12.0,9.0,7.0,7.0,6.0
4240,Olot,Total,36716.0,36299.0,35926.0,35228.0,34486.0,34194.0,34000.0,33944.0,33913.0,33981.0,33813.0,33725.0,33589.0,33524.0,32903.0,32337.0,31932.0,31271.0,30306.0,29546.0
4241,Olot,España,26551.0,26561.0,26651.0,26713.0,26744.0,26783.0,26787.0,26807.0,26757.0,26810.0,26734.0,26773.0,26786.0,26863.0,26866.0,26913.0,27045.0,27186.0,27056.0,27055.0
4242,Olot,Extranjero,10165.0,9738.0,9275.0,8515.0,7742.0,7411.0,7213.0,7137.0,7156.0,7171.0,7079.0,6952.0,6803.0,6661.0,6037.0,5424.0,4887.0,4085.0,3250.0,2491.0
4280,Ordis,Total,373.0,369.0,361.0,371.0,382.0,364.0,377.0,389.0,380.0,363.0,391.0,379.0,385.0,372.0,375.0,366.0,353.0,347.0,335.0,345.0
4281,Ordis,España,344.0,339.0,333.0,336.0,336.0,327.0,334.0,331.0,327.0,325.0,333.0,327.0,329.0,325.0,327.0,324.0,321.0,316.0,317.0,321.0
4282,Ordis,Extranjero,29.0,30.0,28.0,35.0,46.0,37.0,43.0,58.0,53.0,38.0,58.0,52.0,56.0,47.0,48.0,42.0,32.0,31.0,18.0,24.0
4320,Osor,Total,423.0,426.0,428.0,428.0,416.0,421.0,434.0,421.0,452.0,456.0,451.0,456.0,426.0,354.0,361.0,372.0,390.0,409.0,429.0,437.0
4321,Osor,España,381.0,381.0,383.0,393.0,384.0,390.0,405.0,397.0,416.0,416.0,415.0,420.0,396.0,342.0,349.0,360.0,377.0,394.0,413.0,421.0
4322,Osor,Extranjero,42.0,45.0,45.0,35.0,32.0,31.0,29.0,24.0,36.0,40.0,36.0,36.0,30.0,12.0,12.0,12.0,13.0,15.0,16.0,16.0
4360,Palafrugell,Total,23396.0,23046.0,23244.0,22974.0,22860.0,22725.0,22868.0,22733.0,22763.0,22942.0,22880.0,22816.0,22622.0,22365.0,22109.0,21412.0,21307.0,20509.0,19813.0,19635.0
4361,Palafrugell,España,17110.0,17065.0,17158.0,17121.0,17213.0,17196.0,17227.0,17099.0,17084.0,17079.0,17068.0,16995.0,16964.0,16809.0,16745.0,16690.0,16785.0,16795.0,16685.0,16666.0
4362,Palafrugell,Extranjero,6286.0,5981.0,6086.0,5853.0,5647.0,5529.0,5641.0,5634.0,5679.0,5863.0,5812.0,5821.0,5658.0,5556.0,5364.0,4722.0,4522.0,3714.0,3128.0,2969.0
4400,Palamós,Total,18145.0,18196.0,18135.0,17910.0,17898.0,17743.0,17677.0,17911.0,17805.0,17830.0,17813.0,17918.0,18057.0,18161.0,17766.0,17400.0,17197.0,16817.0,16231.0,15968.0
4401,Palamós,España,14548.0,14614.0,14533.0,14543.0,14711.0,14659.0,14647.0,14756.0,14689.0,14708.0,14647.0,14714.0,14678.0,14742.0,14674.0,14666.0,14579.0,14520.0,14338.0,14303.0
4402,Palamós,Extranjero,3597.0,3582.0,3602.0,3367.0,3187.0,3084.0,3030.0,3155.0,3116.0,3122.0,3166.0,3204.0,3379.0,3419.0,3092.0,2734.0,2618.0,2297.0,1893.0,1665.0
4440,Palau de Santa Eulàlia,Total,115.0,111.0,90.0,91.0,95.0,96.0,90.0,88.0,98.0,101.0,100.0,104.0,105.0,112.0,105.0,95.0,91.0,88.0,84.0,86.0
4441,Palau de Santa Eulàlia,España,103.0,101.0,84.0,85.0,87.0,87.0,84.0,84.0,92.0,97.0,96.0,101.0,101.0,108.0,99.0,88.0,89.0,86.0,82.0,85.0
4442,Palau de Santa Eulàlia,Extranjero,12.0,10.0,6.0,6.0,8.0,9.0,6.0,4.0,6.0,4.0,4.0,3.0,4.0,4.0,6.0,7.0,2.0,2.0,2.0,1.0
4480,Palau-sator,Total,327.0,323.0,310.0,310.0,295.0,285.0,297.0,298.0,305.0,306.0,294.0,294.0,290.0,290.0,289.0,289.0,280.0,283.0,284.0,287.0
4481,Palau-sator,España,268.0,270.0,261.0,267.0,252.0,248.0,264.0,260.0,272.0,273.0,263.0,264.0,259.0,259.0,265.0,269.0,266.0,265.0,269.0,271.0
4482,Palau-sator,Extranjero,59.0,53.0,49.0,43.0,43.0,37.0,33.0,38.0,33.0,33.0,31.0,30.0,31.0,31.0,24.0,20.0,14.0,18.0,15.0,16.0
4520,Palau-saverdera,Total,1472.0,1490.0,1456.0,1476.0,1439.0,1456.0,1471.0,1485.0,1437.0,1461.0,1481.0,1488.0,1475.0,1451.0,1423.0,1300.0,1197.0,1178.0,1031.0,1068.0
4521,Palau-saverdera,España,1036.0,1041.0,1026.0,1038.0,1019.0,1030.0,1023.0,1033.0,1002.0,993.0,1002.0,1008.0,978.0,959.0,956.0,895.0,836.0,824.0,798.0,786.0
4522,Palau-saverdera,Extranjero,436.0,449.0,430.0,438.0,420.0,426.0,448.0,452.0,435.0,468.0,479.0,480.0,497.0,492.0,467.0,405.0,361.0,354.0,233.0,282.0
4560,Palol de Revardit,Total,457.0,446.0,448.0,455.0,467.0,476.0,470.0,466.0,474.0,476.0,478.0,471.0,482.0,479.0,478.0,459.0,429.0,425.0,420.0,417.0
4561,Palol de Revardit,España,427.0,417.0,422.0,425.0,431.0,444.0,439.0,436.0,442.0,449.0,451.0,451.0,463.0,459.0,461.0,447.0,416.0,416.0,415.0,407.0
4562,Palol de Revardit,Extranjero,30.0,29.0,26.0,30.0,36.0,32.0,31.0,30.0,32.0,27.0,27.0,20.0,19.0,20.0,17.0,12.0,13.0,9.0,5.0,10.0
4600,Pals,Total,2548.0,2516.0,2395.0,2411.0,2461.0,2469.0,2423.0,2501.0,2533.0,2740.0,2793.0,2725.0,2745.0,2799.0,2698.0,2540.0,2400.0,2335.0,2261.0,2143.0
4601,Pals,España,1895.0,1883.0,1814.0,1820.0,1858.0,1868.0,1877.0,1918.0,1932.0,1943.0,1967.0,1980.0,1952.0,1998.0,1960.0,1891.0,1832.0,1822.0,1797.0,1738.0
4602,Pals,Extranjero,653.0,633.0,581.0,591.0,603.0,601.0,546.0,583.0,601.0,797.0,826.0,745.0,793.0,801.0,738.0,649.0,568.0,513.0,464.0,405.0
4640,Pardines,Total,165.0,166.0,169.0,162.0,162.0,160.0,158.0,155.0,155.0,158.0,154.0,159.0,164.0,159.0,168.0,164.0,149.0,162.0,154.0,146.0
4641,Pardines,España,159.0,159.0,162.0,157.0,157.0,152.0,152.0,150.0,151.0,153.0,152.0,157.0,162.0,157.0,163.0,160.0,148.0,160.0,152.0,145.0
4642,Pardines,Extranjero,6.0,7.0,7.0,5.0,5.0,8.0,6.0,5.0,4.0,5.0,2.0,2.0,2.0,2.0,5.0,4.0,1.0,2.0,2.0,1.0
4680,Parlavà,Total,415.0,413.0,391.0,394.0,394.0,394.0,392.0,398.0,410.0,404.0,386.0,383.0,402.0,394.0,383.0,380.0,352.0,341.0,349.0,348.0
4681,Parlavà,España,383.0,384.0,369.0,372.0,372.0,368.0,370.0,374.0,379.0,374.0,356.0,355.0,362.0,365.0,361.0,356.0,331.0,322.0,338.0,338.0
4682,Parlavà,Extranjero,32.0,29.0,22.0,22.0,22.0,26.0,22.0,24.0,31.0,30.0,30.0,28.0,40.0,29.0,22.0,24.0,21.0,19.0,11.0,10.0
4720,Pau,Total,579.0,588.0,557.0,560.0,547.0,537.0,551.0,557.0,569.0,586.0,597.0,589.0,563.0,578.0,586.0,568.0,501.0,473.0,454.0,471.0
4721,Pau,España,407.0,412.0,398.0,388.0,379.0,391.0,388.0,389.0,397.0,396.0,402.0,396.0,378.0,378.0,376.0,371.0,334.0,326.0,326.0,323.0
4722,Pau,Extranjero,172.0,176.0,159.0,172.0,168.0,146.0,163.0,168.0,172.0,190.0,195.0,193.0,185.0,200.0,210.0,197.0,167.0,147.0,128.0,148.0
4760,Pedret i Marzà,Total,181.0,187.0,191.0,198.0,195.0,186.0,180.0,193.0,189.0,190.0,184.0,175.0,173.0,160.0,163.0,172.0,154.0,158.0,144.0,142.0
4761,Pedret i Marzà,España,150.0,158.0,164.0,171.0,167.0,162.0,157.0,166.0,163.0,161.0,156.0,152.0,149.0,140.0,144.0,145.0,130.0,129.0,124.0,123.0
4762,Pedret i Marzà,Extranjero,31.0,29.0,27.0,27.0,28.0,24.0,23.0,27.0,26.0,29.0,28.0,23.0,24.0,20.0,19.0,27.0,24.0,29.0,20.0,19.0
4800,"Pera, La",Total,438.0,448.0,435.0,446.0,447.0,457.0,441.0,441.0,467.0,443.0,428.0,435.0,446.0,443.0,445.0,426.0,436.0,427.0,424.0,401.0
4801,"Pera, La",España,402.0,406.0,390.0,396.0,398.0,406.0,392.0,402.0,421.0,402.0,387.0,393.0,395.0,396.0,402.0,394.0,399.0,385.0,386.0,376.0
4802,"Pera, La",Extranjero,36.0,42.0,45.0,50.0,49.0,51.0,49.0,39.0,46.0,41.0,41.0,42.0,51.0,47.0,43.0,32.0,37.0,42.0,38.0,25.0
4840,Peralada,Total,1974.0,1945.0,1898.0,1850.0,1868.0,1859.0,1835.0,1841.0,1859.0,1920.0,1888.0,1846.0,1826.0,1805.0,1762.0,1693.0,1625.0,1558.0,1491.0,1413.0
4841,Peralada,España,1680.0,1646.0,1594.0,1577.0,1592.0,1592.0,1587.0,1583.0,1581.0,1601.0,1585.0,1570.0,1560.0,1542.0,1508.0,1455.0,1406.0,1377.0,1347.0,1299.0
4842,Peralada,Extranjero,294.0,299.0,304.0,273.0,276.0,267.0,248.0,258.0,278.0,319.0,303.0,276.0,266.0,263.0,254.0,238.0,219.0,181.0,144.0,114.0
4880,"Planes d'Hostoles, Les",Total,1745.0,1711.0,1712.0,1683.0,1660.0,1629.0,1662.0,1674.0,1694.0,1686.0,1701.0,1708.0,1727.0,1756.0,1795.0,1809.0,1798.0,1754.0,1720.0,1728.0
4881,"Planes d'Hostoles, Les",España,1515.0,1490.0,1494.0,1482.0,1483.0,1469.0,1496.0,1514.0,1524.0,1519.0,1532.0,1548.0,1572.0,1592.0,1637.0,1667.0,1668.0,1646.0,1642.0,1657.0
4882,"Planes d'Hostoles, Les",Extranjero,230.0,221.0,218.0,201.0,177.0,160.0,166.0,160.0,170.0,167.0,169.0,160.0,155.0,164.0,158.0,142.0,130.0,108.0,78.0,71.0
4920,Planoles,Total,307.0,311.0,304.0,288.0,303.0,303.0,299.0,298.0,300.0,302.0,308.0,309.0,288.0,279.0,282.0,272.0,281.0,313.0,304.0,292.0
4921,Planoles,España,267.0,267.0,263.0,261.0,272.0,271.0,264.0,269.0,271.0,268.0,270.0,268.0,259.0,254.0,252.0,252.0,263.0,289.0,295.0,281.0
4922,Planoles,Extranjero,40.0,44.0,41.0,27.0,31.0,32.0,35.0,29.0,29.0,34.0,38.0,41.0,29.0,25.0,30.0,20.0,18.0,24.0,9.0,11.0
4960,Pont de Molins,Total,542.0,518.0,516.0,529.0,530.0,531.0,517.0,512.0,529.0,540.0,538.0,509.0,498.0,486.0,490.0,440.0,419.0,450.0,450.0,464.0
4961,Pont de Molins,España,451.0,446.0,443.0,458.0,455.0,454.0,433.0,425.0,435.0,442.0,443.0,426.0,418.0,409.0,425.0,391.0,373.0,399.0,401.0,416.0
4962,Pont de Molins,Extranjero,91.0,72.0,73.0,71.0,75.0,77.0,84.0,87.0,94.0,98.0,95.0,83.0,80.0,77.0,65.0,49.0,46.0,51.0,49.0,48.0
5000,Pontós,Total,274.0,264.0,260.0,266.0,247.0,240.0,234.0,231.0,223.0,222.0,232.0,233.0,242.0,238.0,244.0,201.0,217.0,229.0,212.0,215.0
5001,Pontós,España,239.0,229.0,223.0,230.0,215.0,208.0,209.0,204.0,201.0,204.0,207.0,207.0,216.0,211.0,215.0,189.0,201.0,214.0,200.0,202.0
5002,Pontós,Extranjero,35.0,35.0,37.0,36.0,32.0,32.0,25.0,27.0,22.0,18.0,25.0,26.0,26.0,27.0,29.0,12.0,16.0,15.0,12.0,13.0
5040,Porqueres,Total,4712.0,4701.0,4677.0,4621.0,4595.0,4594.0,4530.0,4521.0,4529.0,4509.0,4491.0,4431.0,4400.0,4380.0,4332.0,4208.0,4154.0,4060.0,3919.0,3803.0
5041,Porqueres,España,4302.0,4304.0,4298.0,4281.0,4268.0,4278.0,4211.0,4201.0,4218.0,4210.0,4211.0,4178.0,4138.0,4130.0,4104.0,4050.0,4038.0,3960.0,3838.0,3747.0
5042,Porqueres,Extranjero,410.0,397.0,379.0,340.0,327.0,316.0,319.0,320.0,311.0,299.0,280.0,253.0,262.0,250.0,228.0,158.0,116.0,100.0,81.0,56.0
5080,"Port de la Selva, El",Total,1015.0,1010.0,958.0,970.0,980.0,992.0,994.0,1002.0,980.0,990.0,1011.0,1009.0,993.0,1015.0,1029.0,947.0,908.0,921.0,922.0,913.0
5081,"Port de la Selva, El",España,768.0,760.0,711.0,725.0,743.0,751.0,765.0,772.0,760.0,765.0,780.0,779.0,768.0,764.0,769.0,757.0,749.0,768.0,784.0,789.0
5082,"Port de la Selva, El",Extranjero,247.0,250.0,247.0,245.0,237.0,241.0,229.0,230.0,220.0,225.0,231.0,230.0,225.0,251.0,260.0,190.0,159.0,153.0,138.0,124.0
5120,Portbou,Total,1090.0,1095.0,1063.0,1075.0,1077.0,1107.0,1170.0,1167.0,1214.0,1280.0,1296.0,1290.0,1302.0,1325.0,1306.0,1307.0,1347.0,1374.0,1365.0,1399.0
5121,Portbou,España,870.0,877.0,861.0,891.0,915.0,946.0,988.0,1002.0,1026.0,1036.0,1069.0,1075.0,1093.0,1125.0,1137.0,1164.0,1204.0,1238.0,1258.0,1310.0
5122,Portbou,Extranjero,220.0,218.0,202.0,184.0,162.0,161.0,182.0,165.0,188.0,244.0,227.0,215.0,209.0,200.0,169.0,143.0,143.0,136.0,107.0,89.0
5160,"Preses, Les",Total,1875.0,1875.0,1855.0,1788.0,1763.0,1764.0,1781.0,1764.0,1772.0,1779.0,1752.0,1745.0,1724.0,1731.0,1708.0,1686.0,1692.0,1657.0,1644.0,1554.0
5161,"Preses, Les",España,1751.0,1760.0,1733.0,1695.0,1675.0,1669.0,1678.0,1664.0,1670.0,1666.0,1641.0,1633.0,1622.0,1626.0,1618.0,1602.0,1613.0,1604.0,1589.0,1503.0
5162,"Preses, Les",Extranjero,124.0,115.0,122.0,93.0,88.0,95.0,103.0,100.0,102.0,113.0,111.0,112.0,102.0,105.0,90.0,84.0,79.0,53.0,55.0,51.0
5200,Puigcerdà,Total,9484.0,9518.0,9486.0,9258.0,8981.0,8839.0,8810.0,8825.0,8761.0,8910.0,8957.0,8802.0,8746.0,9022.0,9365.0,8949.0,8859.0,8845.0,8370.0,8034.0
5201,Puigcerdà,España,6732.0,6745.0,6743.0,6790.0,6729.0,6745.0,6721.0,6742.0,6709.0,6757.0,6826.0,6757.0,6751.0,6875.0,7026.0,7020.0,7082.0,7069.0,6971.0,6894.0
5202,Puigcerdà,Extranjero,2752.0,2773.0,2743.0,2468.0,2252.0,2094.0,2089.0,2083.0,2052.0,2153.0,2131.0,2045.0,1995.0,2147.0,2339.0,1929.0,1777.0,1776.0,1399.0,1140.0
5240,Quart,Total,3906.0,3856.0,3798.0,3724.0,3640.0,3570.0,3478.0,3448.0,3441.0,3358.0,3255.0,3150.0,2983.0,2852.0,2762.0,2618.0,2637.0,2629.0,2609.0,2586.0
5241,Quart,España,3597.0,3573.0,3519.0,3473.0,3407.0,3323.0,3251.0,3207.0,3176.0,3100.0,3014.0,2918.0,2784.0,2679.0,2599.0,2486.0,2509.0,2504.0,2496.0,2474.0
5242,Quart,Extranjero,309.0,283.0,279.0,251.0,233.0,247.0,227.0,241.0,265.0,258.0,241.0,232.0,199.0,173.0,163.0,132.0,128.0,125.0,113.0,112.0
5280,Queralbs,Total,191.0,191.0,188.0,191.0,186.0,176.0,174.0,173.0,182.0,185.0,178.0,186.0,190.0,199.0,192.0,197.0,198.0,202.0,198.0,192.0
5281,Queralbs,España,179.0,178.0,178.0,180.0,177.0,168.0,168.0,168.0,176.0,178.0,170.0,179.0,183.0,191.0,186.0,190.0,192.0,199.0,196.0,190.0
5282,Queralbs,Extranjero,12.0,13.0,10.0,11.0,9.0,8.0,6.0,5.0,6.0,7.0,8.0,7.0,7.0,8.0,6.0,7.0,6.0,3.0,2.0,2.0
5320,Rabós,Total,210.0,206.0,184.0,178.0,179.0,175.0,188.0,182.0,182.0,185.0,206.0,196.0,192.0,217.0,194.0,182.0,194.0,177.0,167.0,154.0
5321,Rabós,España,176.0,174.0,154.0,155.0,151.0,149.0,159.0,155.0,152.0,153.0,152.0,149.0,147.0,162.0,145.0,144.0,148.0,136.0,133.0,133.0
5322,Rabós,Extranjero,34.0,32.0,30.0,23.0,28.0,26.0,29.0,27.0,30.0,32.0,54.0,47.0,45.0,55.0,49.0,38.0,46.0,41.0,34.0,21.0
5360,Regencós,Total,271.0,282.0,276.0,269.0,276.0,279.0,279.0,285.0,291.0,289.0,295.0,301.0,315.0,326.0,313.0,326.0,304.0,297.0,303.0,288.0
5361,Regencós,España,236.0,242.0,238.0,237.0,242.0,245.0,240.0,243.0,247.0,247.0,253.0,260.0,267.0,277.0,266.0,273.0,263.0,262.0,265.0,266.0
5362,Regencós,Extranjero,35.0,40.0,38.0,32.0,34.0,34.0,39.0,42.0,44.0,42.0,42.0,41.0,48.0,49.0,47.0,53.0,41.0,35.0,38.0,22.0
5400,Ribes de Freser,Total,1810.0,1787.0,1760.0,1754.0,1766.0,1783.0,1785.0,1818.0,1859.0,1891.0,1914.0,1941.0,1930.0,1976.0,2006.0,2001.0,2017.0,2044.0,2040.0,2049.0
5401,Ribes de Freser,España,1605.0,1585.0,1579.0,1599.0,1621.0,1647.0,1654.0,1680.0,1724.0,1744.0,1766.0,1791.0,1795.0,1838.0,1865.0,1882.0,1902.0,1928.0,1957.0,1975.0
5402,Ribes de Freser,Extranjero,205.0,202.0,181.0,155.0,145.0,136.0,131.0,138.0,135.0,147.0,148.0,150.0,135.0,138.0,141.0,119.0,115.0,116.0,83.0,74.0
5440,Riells i Viabrea,Total,4279.0,4268.0,4153.0,4124.0,4002.0,3922.0,3927.0,3945.0,4000.0,3954.0,3980.0,3993.0,3868.0,3779.0,3659.0,3465.0,3238.0,3035.0,2818.0,2541.0
5441,Riells i Viabrea,España,3853.0,3830.0,3743.0,3752.0,3665.0,3627.0,3637.0,3671.0,3730.0,3700.0,3712.0,3728.0,3593.0,3512.0,3414.0,3260.0,3057.0,2880.0,2700.0,2440.0
5442,Riells i Viabrea,Extranjero,426.0,438.0,410.0,372.0,337.0,295.0,290.0,274.0,270.0,254.0,268.0,265.0,275.0,267.0,245.0,205.0,181.0,155.0,118.0,101.0
5480,Ripoll,Total,10641.0,10721.0,10803.0,10686.0,10632.0,10611.0,10583.0,10632.0,10751.0,10798.0,10904.0,10913.0,10991.0,11057.0,11012.0,10867.0,10832.0,10762.0,10717.0,10754.0
5481,Ripoll,España,8980.0,9074.0,9132.0,9182.0,9262.0,9313.0,9381.0,9455.0,9582.0,9654.0,9694.0,9741.0,9860.0,9943.0,9953.0,9950.0,10060.0,10093.0,10152.0,10238.0
5482,Ripoll,Extranjero,1661.0,1647.0,1671.0,1504.0,1370.0,1298.0,1202.0,1177.0,1169.0,1144.0,1210.0,1172.0,1131.0,1114.0,1059.0,917.0,772.0,669.0,565.0,516.0
5520,Riudarenes,Total,2337.0,2283.0,2204.0,2182.0,2181.0,2145.0,2120.0,2120.0,2148.0,2175.0,2180.0,2183.0,2123.0,2070.0,2002.0,1853.0,1761.0,1679.0,1581.0,1432.0
5521,Riudarenes,España,1969.0,1950.0,1885.0,1848.0,1871.0,1874.0,1873.0,1871.0,1868.0,1889.0,1906.0,1929.0,1892.0,1854.0,1793.0,1699.0,1629.0,1559.0,1474.0,1363.0
5522,Riudarenes,Extranjero,368.0,333.0,319.0,334.0,310.0,271.0,247.0,249.0,280.0,286.0,274.0,254.0,231.0,216.0,209.0,154.0,132.0,120.0,107.0,69.0
5560,Riudaura,Total,511.0,511.0,481.0,478.0,462.0,475.0,466.0,461.0,463.0,452.0,438.0,439.0,441.0,443.0,426.0,429.0,417.0,426.0,406.0,411.0
5561,Riudaura,España,476.0,477.0,454.0,454.0,443.0,456.0,446.0,443.0,442.0,437.0,425.0,422.0,425.0,429.0,413.0,417.0,406.0,419.0,401.0,407.0
5562,Riudaura,Extranjero,35.0,34.0,27.0,24.0,19.0,19.0,20.0,18.0,21.0,15.0,13.0,17.0,16.0,14.0,13.0,12.0,11.0,7.0,5.0,4.0
5600,Riudellots de la Selva,Total,2072.0,2076.0,2071.0,2076.0,2059.0,2029.0,2024.0,2022.0,2026.0,2051.0,2037.0,2022.0,1975.0,1984.0,1940.0,1877.0,1849.0,1775.0,1735.0,1707.0
5601,Riudellots de la Selva,España,1764.0,1766.0,1746.0,1762.0,1754.0,1744.0,1737.0,1730.0,1747.0,1767.0,1776.0,1774.0,1767.0,1771.0,1765.0,1749.0,1733.0,1680.0,1661.0,1656.0
5602,Riudellots de la Selva,Extranjero,308.0,310.0,325.0,314.0,305.0,285.0,287.0,292.0,279.0,284.0,261.0,248.0,208.0,213.0,175.0,128.0,116.0,95.0,74.0,51.0
5640,Riumors,Total,244.0,244.0,246.0,258.0,263.0,266.0,255.0,245.0,244.0,243.0,252.0,247.0,224.0,233.0,216.0,189.0,172.0,154.0,163.0,174.0
5641,Riumors,España,202.0,206.0,211.0,220.0,220.0,223.0,215.0,207.0,208.0,203.0,210.0,207.0,187.0,195.0,192.0,179.0,164.0,151.0,160.0,171.0
5642,Riumors,Extranjero,42.0,38.0,35.0,38.0,43.0,43.0,40.0,38.0,36.0,40.0,42.0,40.0,37.0,38.0,24.0,10.0,8.0,3.0,3.0,3.0
5680,Roses,Total,19907.0,19921.0,19807.0,19550.0,19319.0,19216.0,19438.0,19575.0,19600.0,19891.0,19896.0,19731.0,20418.0,20197.0,19463.0,18139.0,17173.0,15535.0,14687.0,14719.0
5681,Roses,España,13029.0,13100.0,13112.0,13082.0,13076.0,13061.0,13116.0,13139.0,13161.0,13157.0,13129.0,12968.0,12897.0,12732.0,12526.0,12294.0,12026.0,11541.0,11342.0,11169.0
5682,Roses,Extranjero,6878.0,6821.0,6695.0,6468.0,6243.0,6155.0,6322.0,6436.0,6439.0,6734.0,6767.0,6763.0,7521.0,7465.0,6937.0,5845.0,5147.0,3994.0,3345.0,3550.0
5720,Rupià,Total,300.0,296.0,273.0,272.0,269.0,264.0,253.0,248.0,246.0,241.0,248.0,241.0,243.0,243.0,240.0,223.0,213.0,201.0,196.0,179.0
5721,Rupià,España,259.0,253.0,230.0,227.0,226.0,228.0,218.0,215.0,212.0,199.0,202.0,190.0,197.0,190.0,196.0,191.0,177.0,178.0,184.0,170.0
5722,Rupià,Extranjero,41.0,43.0,43.0,45.0,43.0,36.0,35.0,33.0,34.0,42.0,46.0,51.0,46.0,53.0,44.0,32.0,36.0,23.0,12.0,9.0
5760,Sales de Llierca,Total,169.0,164.0,159.0,154.0,151.0,147.0,137.0,139.0,133.0,140.0,144.0,144.0,136.0,141.0,132.0,133.0,128.0,117.0,108.0,109.0
5761,Sales de Llierca,España,134.0,131.0,128.0,124.0,120.0,118.0,109.0,112.0,106.0,108.0,111.0,112.0,105.0,112.0,106.0,106.0,101.0,94.0,87.0,87.0
5762,Sales de Llierca,Extranjero,35.0,33.0,31.0,30.0,31.0,29.0,28.0,27.0,27.0,32.0,33.0,32.0,31.0,29.0,26.0,27.0,27.0,23.0,21.0,22.0
5800,Salt,Total,32517.0,32230.0,32138.0,31362.0,30622.0,29836.0,29404.0,29342.0,30103.0,30247.0,30146.0,30389.0,30304.0,29985.0,28763.0,27673.0,28017.0,27370.0,25912.0,24513.0
5801,Salt,España,19064.0,19080.0,19172.0,19100.0,18981.0,18864.0,18755.0,18628.0,18759.0,18788.0,18616.0,18766.0,18771.0,18533.0,18475.0,19011.0,19825.0,20195.0,20530.0,20518.0
5802,Salt,Extranjero,13453.0,13150.0,12966.0,12262.0,11641.0,10972.0,10649.0,10714.0,11344.0,11459.0,11530.0,11623.0,11533.0,11452.0,10288.0,8662.0,8192.0,7175.0,5382.0,3995.0
5840,Sant Andreu Salou,Total,162.0,156.0,160.0,155.0,156.0,150.0,155.0,149.0,155.0,154.0,159.0,152.0,155.0,152.0,157.0,161.0,156.0,154.0,152.0,144.0
5841,Sant Andreu Salou,España,150.0,144.0,147.0,146.0,149.0,145.0,149.0,143.0,150.0,149.0,150.0,144.0,146.0,145.0,150.0,156.0,152.0,150.0,150.0,142.0
5842,Sant Andreu Salou,Extranjero,12.0,12.0,13.0,9.0,7.0,5.0,6.0,6.0,5.0,5.0,9.0,8.0,9.0,7.0,7.0,5.0,4.0,4.0,2.0,2.0
5880,Sant Aniol de Finestres,Total,363.0,353.0,345.0,341.0,351.0,363.0,371.0,373.0,351.0,355.0,351.0,345.0,342.0,327.0,319.0,306.0,289.0,286.0,291.0,292.0
5881,Sant Aniol de Finestres,España,301.0,299.0,294.0,296.0,307.0,318.0,325.0,330.0,310.0,315.0,316.0,307.0,301.0,295.0,284.0,281.0,266.0,265.0,275.0,280.0
5882,Sant Aniol de Finestres,Extranjero,62.0,54.0,51.0,45.0,44.0,45.0,46.0,43.0,41.0,40.0,35.0,38.0,41.0,32.0,35.0,25.0,23.0,21.0,16.0,12.0
5920,Sant Climent Sescebes,Total,696.0,712.0,707.0,626.0,635.0,636.0,641.0,601.0,590.0,581.0,568.0,545.0,521.0,513.0,501.0,503.0,482.0,474.0,453.0,423.0
5921,Sant Climent Sescebes,España,573.0,592.0,599.0,531.0,527.0,525.0,531.0,503.0,495.0,489.0,482.0,468.0,452.0,450.0,446.0,451.0,441.0,440.0,423.0,406.0
5922,Sant Climent Sescebes,Extranjero,123.0,120.0,108.0,95.0,108.0,111.0,110.0,98.0,95.0,92.0,86.0,77.0,69.0,63.0,55.0,52.0,41.0,34.0,30.0,17.0
5960,Sant Feliu de Buixalleu,Total,839.0,808.0,797.0,783.0,804.0,825.0,799.0,787.0,776.0,782.0,788.0,768.0,793.0,811.0,803.0,793.0,756.0,769.0,752.0,722.0
5961,Sant Feliu de Buixalleu,España,773.0,737.0,727.0,728.0,746.0,765.0,745.0,738.0,731.0,736.0,742.0,733.0,762.0,766.0,763.0,754.0,723.0,738.0,733.0,706.0
5962,Sant Feliu de Buixalleu,Extranjero,66.0,71.0,70.0,55.0,58.0,60.0,54.0,49.0,45.0,46.0,46.0,35.0,31.0,45.0,40.0,39.0,33.0,31.0,19.0,16.0
6000,Sant Feliu de Guíxols,Total,22149.0,22210.0,22097.0,21925.0,21824.0,21721.0,21760.0,21586.0,21810.0,21945.0,21961.0,21814.0,21975.0,21977.0,21726.0,21155.0,20867.0,20318.0,19693.0,19456.0
6001,Sant Feliu de Guíxols,España,17124.0,17234.0,17186.0,17248.0,17322.0,17367.0,17436.0,17392.0,17553.0,17508.0,17601.0,17635.0,17747.0,17670.0,17701.0,17745.0,17873.0,17797.0,17668.0,17535.0
6002,Sant Feliu de Guíxols,Extranjero,5025.0,4976.0,4911.0,4677.0,4502.0,4354.0,4324.0,4194.0,4257.0,4437.0,4360.0,4179.0,4228.0,4307.0,4025.0,3410.0,2994.0,2521.0,2025.0,1921.0
6040,Sant Feliu de Pallerols,Total,1495.0,1456.0,1437.0,1371.0,1343.0,1342.0,1317.0,1332.0,1353.0,1346.0,1360.0,1330.0,1363.0,1397.0,1389.0,1335.0,1272.0,1223.0,1202.0,1190.0
6041,Sant Feliu de Pallerols,España,1253.0,1232.0,1217.0,1209.0,1198.0,1213.0,1193.0,1201.0,1213.0,1211.0,1229.0,1194.0,1197.0,1221.0,1211.0,1187.0,1181.0,1160.0,1147.0,1146.0
6042,Sant Feliu de Pallerols,Extranjero,242.0,224.0,220.0,162.0,145.0,129.0,124.0,131.0,140.0,135.0,131.0,136.0,166.0,176.0,178.0,148.0,91.0,63.0,55.0,44.0
6080,Sant Ferriol,Total,256.0,247.0,236.0,243.0,245.0,228.0,231.0,239.0,240.0,231.0,222.0,228.0,236.0,216.0,216.0,205.0,194.0,206.0,198.0,209.0
6081,Sant Ferriol,España,208.0,200.0,201.0,203.0,210.0,197.0,194.0,194.0,195.0,181.0,174.0,180.0,178.0,166.0,167.0,168.0,158.0,169.0,173.0,181.0
6082,Sant Ferriol,Extranjero,48.0,47.0,35.0,40.0,35.0,31.0,37.0,45.0,45.0,50.0,48.0,48.0,58.0,50.0,49.0,37.0,36.0,37.0,25.0,28.0
6120,Sant Gregori,Total,4085.0,4012.0,3928.0,3817.0,3740.0,3636.0,3553.0,3498.0,3464.0,3463.0,3343.0,3280.0,3243.0,3167.0,3068.0,3006.0,2951.0,2844.0,2705.0,2590.0
6121,Sant Gregori,España,3824.0,3741.0,3690.0,3611.0,3543.0,3456.0,3378.0,3333.0,3293.0,3286.0,3162.0,3110.0,3073.0,3020.0,2929.0,2868.0,2808.0,2713.0,2609.0,2523.0
6122,Sant Gregori,Extranjero,261.0,271.0,238.0,206.0,197.0,180.0,175.0,165.0,171.0,177.0,181.0,170.0,170.0,147.0,139.0,138.0,143.0,131.0,96.0,67.0
6160,Sant Hilari Sacalm,Total,5836.0,5758.0,5703.0,5627.0,5591.0,5578.0,5570.0,5608.0,5681.0,5742.0,5753.0,5724.0,5729.0,5763.0,5744.0,5520.0,5385.0,5474.0,5466.0,5375.0
6161,Sant Hilari Sacalm,España,4731.0,4715.0,4746.0,4728.0,4755.0,4783.0,4789.0,4799.0,4847.0,4835.0,4864.0,4875.0,4894.0,4907.0,4904.0,4851.0,4815.0,4798.0,4829.0,4857.0
6162,Sant Hilari Sacalm,Extranjero,1105.0,1043.0,957.0,899.0,836.0,795.0,781.0,809.0,834.0,907.0,889.0,849.0,835.0,856.0,840.0,669.0,570.0,676.0,637.0,518.0
6200,Sant Jaume de Llierca,Total,842.0,852.0,871.0,865.0,840.0,852.0,873.0,841.0,812.0,799.0,757.0,774.0,780.0,809.0,809.0,794.0,815.0,785.0,778.0,764.0
6201,Sant Jaume de Llierca,España,716.0,727.0,743.0,744.0,734.0,752.0,771.0,746.0,718.0,708.0,688.0,703.0,707.0,725.0,731.0,715.0,739.0,734.0,740.0,732.0
6202,Sant Jaume de Llierca,Extranjero,126.0,125.0,128.0,121.0,106.0,100.0,102.0,95.0,94.0,91.0,69.0,71.0,73.0,84.0,78.0,79.0,76.0,51.0,38.0,32.0
6240,Sant Joan de les Abadesses,Total,3274.0,3250.0,3224.0,3232.0,3224.0,3270.0,3342.0,3383.0,3413.0,3434.0,3469.0,3492.0,3529.0,3556.0,3589.0,3586.0,3565.0,3621.0,3597.0,3602.0
6241,Sant Joan de les Abadesses,España,2956.0,2941.0,2951.0,2969.0,2974.0,3016.0,3087.0,3120.0,3145.0,3156.0,3197.0,3225.0,3255.0,3273.0,3301.0,3321.0,3333.0,3378.0,3409.0,3434.0
6242,Sant Joan de les Abadesses,Extranjero,318.0,309.0,273.0,263.0,250.0,254.0,255.0,263.0,268.0,278.0,272.0,267.0,274.0,283.0,288.0,265.0,232.0,243.0,188.0,168.0
6280,Sant Joan de Mollet,Total,515.0,501.0,498.0,507.0,502.0,498.0,495.0,497.0,509.0,517.0,522.0,522.0,513.0,517.0,515.0,513.0,487.0,475.0,437.0,419.0
6281,Sant Joan de Mollet,España,456.0,448.0,452.0,464.0,462.0,457.0,458.0,466.0,477.0,479.0,483.0,483.0,476.0,479.0,482.0,488.0,470.0,464.0,430.0,412.0
6282,Sant Joan de Mollet,Extranjero,59.0,53.0,46.0,43.0,40.0,41.0,37.0,31.0,32.0,38.0,39.0,39.0,37.0,38.0,33.0,25.0,17.0,11.0,7.0,7.0
6320,Sant Joan les Fonts,Total,3054.0,3050.0,3044.0,3006.0,2966.0,2931.0,2906.0,2937.0,2919.0,2893.0,2879.0,2877.0,2831.0,2787.0,2751.0,2697.0,2652.0,2631.0,2660.0,2718.0
6321,Sant Joan les Fonts,España,2616.0,2647.0,2648.0,2648.0,2646.0,2671.0,2654.0,2676.0,2662.0,2625.0,2626.0,2613.0,2586.0,2551.0,2557.0,2532.0,2530.0,2560.0,2599.0,2647.0
6322,Sant Joan les Fonts,Extranjero,438.0,403.0,396.0,358.0,320.0,260.0,252.0,261.0,257.0,268.0,253.0,264.0,245.0,236.0,194.0,165.0,122.0,71.0,61.0,71.0
6360,Sant Jordi Desvalls,Total,830.0,796.0,760.0,761.0,731.0,732.0,700.0,720.0,708.0,702.0,703.0,667.0,653.0,649.0,626.0,622.0,632.0,631.0,647.0,630.0
6361,Sant Jordi Desvalls,España,707.0,683.0,660.0,663.0,649.0,647.0,617.0,627.0,614.0,599.0,598.0,571.0,566.0,552.0,548.0,549.0,552.0,561.0,579.0,582.0
6362,Sant Jordi Desvalls,Extranjero,123.0,113.0,100.0,98.0,82.0,85.0,83.0,93.0,94.0,103.0,105.0,96.0,87.0,97.0,78.0,73.0,80.0,70.0,68.0,48.0
6400,Sant Julià de Ramis,Total,3623.0,3612.0,3576.0,3515.0,3461.0,3447.0,3455.0,3415.0,3434.0,3469.0,3467.0,3348.0,3281.0,3233.0,3133.0,2866.0,2656.0,2495.0,2340.0,2240.0
6401,Sant Julià de Ramis,España,3217.0,3205.0,3190.0,3157.0,3143.0,3143.0,3157.0,3150.0,3154.0,3179.0,3167.0,3062.0,2989.0,2933.0,2863.0,2654.0,2476.0,2335.0,2208.0,2140.0
6402,Sant Julià de Ramis,Extranjero,406.0,407.0,386.0,358.0,318.0,304.0,298.0,265.0,280.0,290.0,300.0,286.0,292.0,300.0,270.0,212.0,180.0,160.0,132.0,100.0
6440,Sant Julià del Llor i Bonmatí,Total,1347.0,1314.0,1313.0,1286.0,1275.0,1321.0,1282.0,1272.0,1264.0,1264.0,1244.0,1271.0,1291.0,1276.0,1225.0,1194.0,1093.0,1007.0,991.0,1009.0
6441,Sant Julià del Llor i Bonmatí,España,1134.0,1112.0,1090.0,1102.0,1102.0,1128.0,1108.0,1097.0,1089.0,1098.0,1074.0,1102.0,1129.0,1114.0,1078.0,1057.0,980.0,908.0,895.0,908.0
6442,Sant Julià del Llor i Bonmatí,Extranjero,213.0,202.0,223.0,184.0,173.0,193.0,174.0,175.0,175.0,166.0,170.0,169.0,162.0,162.0,147.0,137.0,113.0,99.0,96.0,101.0
6480,Sant Llorenç de la Muga,Total,267.0,267.0,265.0,264.0,251.0,251.0,247.0,255.0,249.0,256.0,248.0,227.0,222.0,213.0,218.0,215.0,196.0,202.0,192.0,177.0
6481,Sant Llorenç de la Muga,España,209.0,206.0,202.0,198.0,195.0,197.0,196.0,194.0,183.0,191.0,188.0,178.0,172.0,168.0,172.0,177.0,162.0,169.0,163.0,155.0
6482,Sant Llorenç de la Muga,Extranjero,58.0,61.0,63.0,66.0,56.0,54.0,51.0,61.0,66.0,65.0,60.0,49.0,50.0,45.0,46.0,38.0,34.0,33.0,29.0,22.0
6520,Sant Martí de Llémena,Total,679.0,663.0,641.0,633.0,626.0,612.0,618.0,605.0,626.0,615.0,596.0,591.0,566.0,545.0,532.0,527.0,520.0,526.0,509.0,487.0
6521,Sant Martí de Llémena,España,602.0,591.0,569.0,561.0,561.0,561.0,561.0,551.0,569.0,561.0,549.0,543.0,516.0,501.0,496.0,494.0,486.0,491.0,477.0,454.0
6522,Sant Martí de Llémena,Extranjero,77.0,72.0,72.0,72.0,65.0,51.0,57.0,54.0,57.0,54.0,47.0,48.0,50.0,44.0,36.0,33.0,34.0,35.0,32.0,33.0
6560,Sant Martí Vell,Total,261.0,244.0,251.0,252.0,249.0,245.0,250.0,248.0,242.0,240.0,266.0,258.0,265.0,250.0,242.0,232.0,209.0,185.0,185.0,191.0
6561,Sant Martí Vell,España,214.0,206.0,210.0,209.0,207.0,206.0,214.0,211.0,206.0,208.0,223.0,218.0,226.0,216.0,207.0,202.0,182.0,170.0,176.0,182.0
6562,Sant Martí Vell,Extranjero,47.0,38.0,41.0,43.0,42.0,39.0,36.0,37.0,36.0,32.0,43.0,40.0,39.0,34.0,35.0,30.0,27.0,15.0,9.0,9.0
6600,Sant Miquel de Campmajor,Total,239.0,243.0,229.0,231.0,228.0,226.0,226.0,219.0,232.0,219.0,230.0,234.0,243.0,252.0,243.0,218.0,218.0,197.0,199.0,201.0
6601,Sant Miquel de Campmajor,España,212.0,206.0,203.0,204.0,217.0,212.0,209.0,202.0,216.0,202.0,210.0,214.0,216.0,212.0,201.0,188.0,188.0,181.0,184.0,191.0
6602,Sant Miquel de Campmajor,Extranjero,27.0,37.0,26.0,27.0,11.0,14.0,17.0,17.0,16.0,17.0,20.0,20.0,27.0,40.0,42.0,30.0,30.0,16.0,15.0,10.0
6640,Sant Miquel de Fluvià,Total,808.0,755.0,761.0,764.0,746.0,746.0,742.0,756.0,798.0,779.0,780.0,764.0,765.0,782.0,718.0,710.0,671.0,671.0,654.0,616.0
6641,Sant Miquel de Fluvià,España,669.0,647.0,641.0,633.0,644.0,650.0,653.0,659.0,692.0,674.0,663.0,656.0,652.0,667.0,616.0,613.0,589.0,589.0,582.0,551.0
6642,Sant Miquel de Fluvià,Extranjero,139.0,108.0,120.0,131.0,102.0,96.0,89.0,97.0,106.0,105.0,117.0,108.0,113.0,115.0,102.0,97.0,82.0,82.0,72.0,65.0
6680,Sant Mori,Total,159.0,157.0,166.0,177.0,177.0,175.0,176.0,176.0,177.0,181.0,196.0,193.0,166.0,180.0,179.0,163.0,164.0,167.0,160.0,160.0
6681,Sant Mori,España,113.0,117.0,130.0,136.0,133.0,128.0,126.0,125.0,124.0,131.0,142.0,136.0,131.0,142.0,143.0,139.0,140.0,150.0,146.0,146.0
6682,Sant Mori,Extranjero,46.0,40.0,36.0,41.0,44.0,47.0,50.0,51.0,53.0,50.0,54.0,57.0,35.0,38.0,36.0,24.0,24.0,17.0,14.0,14.0
6720,Sant Pau de Segúries,Total,732.0,725.0,688.0,697.0,707.0,672.0,670.0,682.0,674.0,677.0,675.0,694.0,710.0,717.0,699.0,681.0,666.0,669.0,656.0,656.0
6721,Sant Pau de Segúries,España,681.0,675.0,642.0,643.0,659.0,627.0,634.0,643.0,640.0,644.0,638.0,650.0,664.0,668.0,647.0,639.0,639.0,641.0,634.0,639.0
6722,Sant Pau de Segúries,Extranjero,51.0,50.0,46.0,54.0,48.0,45.0,36.0,39.0,34.0,33.0,37.0,44.0,46.0,49.0,52.0,42.0,27.0,28.0,22.0,17.0
6760,Sant Pere Pescador,Total,2079.0,2083.0,2090.0,2042.0,2039.0,2040.0,2134.0,2143.0,2138.0,2175.0,2161.0,2108.0,2033.0,2029.0,1970.0,1878.0,1804.0,1775.0,1618.0,1604.0
6761,Sant Pere Pescador,España,1278.0,1289.0,1289.0,1278.0,1260.0,1280.0,1319.0,1311.0,1334.0,1351.0,1338.0,1346.0,1320.0,1304.0,1286.0,1278.0,1245.0,1236.0,1207.0,1193.0
6762,Sant Pere Pescador,Extranjero,801.0,794.0,801.0,764.0,779.0,760.0,815.0,832.0,804.0,824.0,823.0,762.0,713.0,725.0,684.0,600.0,559.0,539.0,411.0,411.0
6800,Santa Coloma de Farners,Total,13557.0,13459.0,13363.0,13143.0,12894.0,12854.0,12583.0,12681.0,12601.0,12601.0,12448.0,12305.0,11948.0,11739.0,11412.0,11090.0,10565.0,10557.0,10036.0,9741.0
6801,Santa Coloma de Farners,España,10640.0,10541.0,10519.0,10464.0,10373.0,10366.0,10252.0,10288.0,10230.0,10148.0,10058.0,10029.0,9880.0,9771.0,9626.0,9590.0,9453.0,9422.0,9177.0,9021.0
6802,Santa Coloma de Farners,Extranjero,2917.0,2918.0,2844.0,2679.0,2521.0,2488.0,2331.0,2393.0,2371.0,2453.0,2390.0,2276.0,2068.0,1968.0,1786.0,1500.0,1112.0,1135.0,859.0,720.0
6840,Santa Cristina d'Aro,Total,5585.0,5408.0,5287.0,5223.0,5203.0,5194.0,5128.0,5089.0,5194.0,5128.0,5106.0,5066.0,5067.0,5017.0,4713.0,4547.0,4214.0,3983.0,3735.0,3522.0
6841,Santa Cristina d'Aro,España,4299.0,4243.0,4120.0,4096.0,4108.0,4099.0,4036.0,4021.0,4078.0,4020.0,3997.0,3935.0,3878.0,3799.0,3592.0,3495.0,3278.0,3143.0,2974.0,2849.0
6842,Santa Cristina d'Aro,Extranjero,1286.0,1165.0,1167.0,1127.0,1095.0,1095.0,1092.0,1068.0,1116.0,1108.0,1109.0,1131.0,1189.0,1218.0,1121.0,1052.0,936.0,840.0,761.0,673.0
6880,Santa Llogaia d'Àlguema,Total,379.0,378.0,368.0,370.0,363.0,353.0,343.0,339.0,341.0,347.0,348.0,342.0,325.0,335.0,317.0,310.0,313.0,311.0,294.0,299.0
6881,Santa Llogaia d'Àlguema,España,342.0,344.0,344.0,347.0,341.0,330.0,319.0,318.0,316.0,319.0,321.0,317.0,303.0,306.0,292.0,285.0,296.0,294.0,280.0,283.0
6882,Santa Llogaia d'Àlguema,Extranjero,37.0,34.0,24.0,23.0,22.0,23.0,24.0,21.0,25.0,28.0,27.0,25.0,22.0,29.0,25.0,25.0,17.0,17.0,14.0,16.0
6920,Santa Pau,Total,1605.0,1585.0,1614.0,1565.0,1573.0,1549.0,1524.0,1562.0,1567.0,1589.0,1604.0,1601.0,1600.0,1610.0,1584.0,1567.0,1565.0,1541.0,1516.0,1481.0
6921,Santa Pau,España,1496.0,1471.0,1494.0,1491.0,1507.0,1490.0,1467.0,1499.0,1497.0,1513.0,1524.0,1522.0,1514.0,1519.0,1516.0,1513.0,1511.0,1486.0,1475.0,1449.0
6922,Santa Pau,Extranjero,109.0,114.0,120.0,74.0,66.0,59.0,57.0,63.0,70.0,76.0,80.0,79.0,86.0,91.0,68.0,54.0,54.0,55.0,41.0,32.0
6960,Sarrià de Ter,Total,5294.0,5231.0,5229.0,5170.0,5114.0,5052.0,5035.0,4973.0,4937.0,4892.0,4790.0,4714.0,4596.0,4468.0,4320.0,4144.0,4065.0,4036.0,3930.0,3858.0
6961,Sarrià de Ter,España,4680.0,4645.0,4634.0,4578.0,4570.0,4529.0,4521.0,4448.0,4424.0,4377.0,4282.0,4225.0,4118.0,3976.0,3886.0,3799.0,3799.0,3811.0,3757.0,3714.0
6962,Sarrià de Ter,Extranjero,614.0,586.0,595.0,592.0,544.0,523.0,514.0,525.0,513.0,515.0,508.0,489.0,478.0,492.0,434.0,345.0,266.0,225.0,173.0,144.0
7000,"Saus, Camallera i Llampaies",Total,865.0,865.0,856.0,837.0,848.0,839.0,842.0,830.0,815.0,781.0,807.0,780.0,765.0,768.0,761.0,760.0,737.0,733.0,713.0,708.0
7001,"Saus, Camallera i Llampaies",España,740.0,751.0,745.0,730.0,735.0,735.0,736.0,721.0,718.0,678.0,695.0,685.0,667.0,670.0,662.0,669.0,655.0,658.0,656.0,648.0
7002,"Saus, Camallera i Llampaies",Extranjero,125.0,114.0,111.0,107.0,113.0,104.0,106.0,109.0,97.0,103.0,112.0,95.0,98.0,98.0,99.0,91.0,82.0,75.0,57.0,60.0
7040,"Selva de Mar, La",Total,220.0,212.0,195.0,196.0,187.0,191.0,188.0,184.0,181.0,185.0,203.0,209.0,220.0,226.0,213.0,216.0,223.0,216.0,207.0,202.0
7041,"Selva de Mar, La",España,185.0,182.0,171.0,173.0,169.0,174.0,172.0,170.0,168.0,170.0,181.0,187.0,195.0,200.0,193.0,196.0,198.0,198.0,194.0,189.0
7042,"Selva de Mar, La",Extranjero,35.0,30.0,24.0,23.0,18.0,17.0,16.0,14.0,13.0,15.0,22.0,22.0,25.0,26.0,20.0,20.0,25.0,18.0,13.0,13.0
7080,Serinyà,Total,1153.0,1143.0,1133.0,1136.0,1108.0,1117.0,1132.0,1130.0,1123.0,1108.0,1122.0,1117.0,1104.0,1095.0,1101.0,1084.0,1045.0,998.0,962.0,901.0
7081,Serinyà,España,1027.0,1020.0,1022.0,1036.0,1019.0,1025.0,1038.0,1035.0,1030.0,1010.0,1011.0,993.0,983.0,968.0,986.0,972.0,941.0,900.0,883.0,834.0
7082,Serinyà,Extranjero,126.0,123.0,111.0,100.0,89.0,92.0,94.0,95.0,93.0,98.0,111.0,124.0,121.0,127.0,115.0,112.0,104.0,98.0,79.0,67.0
7120,Serra de Daró,Total,233.0,235.0,222.0,221.0,210.0,206.0,209.0,209.0,211.0,203.0,208.0,209.0,209.0,194.0,197.0,190.0,184.0,177.0,178.0,176.0
7121,Serra de Daró,España,194.0,199.0,186.0,188.0,179.0,177.0,176.0,177.0,177.0,173.0,177.0,177.0,179.0,164.0,168.0,170.0,170.0,166.0,166.0,164.0
7122,Serra de Daró,Extranjero,39.0,36.0,36.0,33.0,31.0,29.0,33.0,32.0,34.0,30.0,31.0,32.0,30.0,30.0,29.0,20.0,14.0,11.0,12.0,12.0
7160,Setcases,Total,200.0,185.0,170.0,177.0,168.0,182.0,181.0,180.0,195.0,189.0,187.0,176.0,181.0,173.0,165.0,176.0,181.0,180.0,185.0,192.0
7161,Setcases,España,159.0,154.0,149.0,154.0,149.0,156.0,154.0,155.0,158.0,156.0,159.0,154.0,156.0,156.0,152.0,166.0,171.0,169.0,178.0,180.0
7162,Setcases,Extranjero,41.0,31.0,21.0,23.0,19.0,26.0,27.0,25.0,37.0,33.0,28.0,22.0,25.0,17.0,13.0,10.0,10.0,11.0,7.0,12.0
7200,Sils,Total,6507.0,6349.0,6219.0,6093.0,5969.0,5910.0,5910.0,5797.0,5851.0,5685.0,5702.0,5492.0,5356.0,5127.0,4850.0,4347.0,4126.0,3947.0,3693.0,3512.0
7201,Sils,España,5527.0,5447.0,5381.0,5328.0,5244.0,5226.0,5242.0,5150.0,5149.0,5033.0,5043.0,4867.0,4744.0,4598.0,4402.0,4038.0,3866.0,3692.0,3503.0,3359.0
7202,Sils,Extranjero,980.0,902.0,838.0,765.0,725.0,684.0,668.0,647.0,702.0,652.0,659.0,625.0,612.0,529.0,448.0,309.0,260.0,255.0,190.0,153.0
7240,Siurana,Total,178.0,179.0,171.0,168.0,162.0,159.0,155.0,152.0,150.0,172.0,170.0,181.0,190.0,206.0,211.0,205.0,181.0,175.0,180.0,176.0
7241,Siurana,España,152.0,156.0,155.0,151.0,147.0,146.0,139.0,139.0,139.0,148.0,148.0,158.0,162.0,172.0,176.0,168.0,148.0,146.0,152.0,148.0
7242,Siurana,Extranjero,26.0,23.0,16.0,17.0,15.0,13.0,16.0,13.0,11.0,24.0,22.0,23.0,28.0,34.0,35.0,37.0,33.0,29.0,28.0,28.0
7280,Susqueda,Total,96.0,99.0,93.0,101.0,97.0,98.0,95.0,92.0,95.0,101.0,105.0,115.0,118.0,130.0,125.0,126.0,112.0,113.0,111.0,107.0
7281,Susqueda,España,76.0,82.0,80.0,84.0,84.0,85.0,83.0,81.0,84.0,89.0,93.0,102.0,103.0,116.0,111.0,116.0,103.0,104.0,107.0,104.0
7282,Susqueda,Extranjero,20.0,17.0,13.0,17.0,13.0,13.0,12.0,11.0,11.0,12.0,12.0,13.0,15.0,14.0,14.0,10.0,9.0,9.0,4.0,3.0
7320,"Tallada d'Empordà, La",Total,480.0,466.0,454.0,463.0,459.0,450.0,451.0,458.0,454.0,455.0,459.0,449.0,435.0,420.0,401.0,395.0,367.0,346.0,338.0,332.0
7321,"Tallada d'Empordà, La",España,432.0,416.0,408.0,411.0,409.0,402.0,403.0,407.0,401.0,394.0,389.0,383.0,367.0,355.0,356.0,353.0,334.0,318.0,317.0,316.0
7322,"Tallada d'Empordà, La",Extranjero,48.0,50.0,46.0,52.0,50.0,48.0,48.0,51.0,53.0,61.0,70.0,66.0,68.0,65.0,45.0,42.0,33.0,28.0,21.0,16.0
7360,Terrades,Total,345.0,334.0,338.0,329.0,314.0,306.0,285.0,294.0,288.0,278.0,311.0,311.0,317.0,301.0,254.0,266.0,146.0,155.0,167.0,174.0
7361,Terrades,España,295.0,296.0,300.0,289.0,281.0,274.0,253.0,246.0,243.0,244.0,246.0,244.0,253.0,245.0,218.0,230.0,135.0,144.0,156.0,162.0
7362,Terrades,Extranjero,50.0,38.0,38.0,40.0,33.0,32.0,32.0,48.0,45.0,34.0,65.0,67.0,64.0,56.0,36.0,36.0,11.0,11.0,11.0,12.0
7400,Torrent,Total,166.0,160.0,164.0,175.0,165.0,161.0,163.0,169.0,170.0,185.0,193.0,189.0,190.0,193.0,184.0,191.0,190.0,188.0,173.0,168.0
7401,Torrent,España,150.0,147.0,145.0,149.0,149.0,153.0,155.0,157.0,157.0,160.0,168.0,167.0,168.0,166.0,163.0,165.0,165.0,165.0,156.0,151.0
7402,Torrent,Extranjero,16.0,13.0,19.0,26.0,16.0,8.0,8.0,12.0,13.0,25.0,25.0,22.0,22.0,27.0,21.0,26.0,25.0,23.0,17.0,17.0
7440,Torroella de Fluvià,Total,741.0,726.0,703.0,694.0,723.0,688.0,711.0,732.0,704.0,729.0,704.0,699.0,686.0,678.0,658.0,556.0,460.0,437.0,418.0,378.0
7441,Torroella de Fluvià,España,533.0,513.0,509.0,504.0,521.0,492.0,500.0,501.0,493.0,500.0,492.0,466.0,452.0,443.0,424.0,386.0,335.0,309.0,317.0,289.0
7442,Torroella de Fluvià,Extranjero,208.0,213.0,194.0,190.0,202.0,196.0,211.0,231.0,211.0,229.0,212.0,233.0,234.0,235.0,234.0,170.0,125.0,128.0,101.0,89.0
7480,Torroella de Montgrí,Total,12061.0,12023.0,11836.0,11645.0,11537.0,11516.0,11506.0,11388.0,11381.0,11472.0,11494.0,11385.0,11522.0,11598.0,11441.0,10924.0,10588.0,10228.0,9714.0,9393.0
7481,Torroella de Montgrí,España,8402.0,8382.0,8285.0,8276.0,8287.0,8284.0,8326.0,8289.0,8264.0,8298.0,8267.0,8173.0,8165.0,8123.0,8129.0,8072.0,7892.0,7796.0,7727.0,7663.0
7482,Torroella de Montgrí,Extranjero,3659.0,3641.0,3551.0,3369.0,3250.0,3232.0,3180.0,3099.0,3117.0,3174.0,3227.0,3212.0,3357.0,3475.0,3312.0,2852.0,2696.0,2432.0,1987.0,1730.0
7520,Tortellà,Total,823.0,816.0,818.0,809.0,801.0,783.0,781.0,775.0,772.0,774.0,793.0,760.0,771.0,760.0,758.0,749.0,729.0,714.0,728.0,713.0
7521,Tortellà,España,727.0,723.0,721.0,718.0,713.0,703.0,713.0,705.0,702.0,704.0,722.0,704.0,718.0,710.0,702.0,697.0,674.0,664.0,679.0,665.0
7522,Tortellà,Extranjero,96.0,93.0,97.0,91.0,88.0,80.0,68.0,70.0,70.0,70.0,71.0,56.0,53.0,50.0,56.0,52.0,55.0,50.0,49.0,48.0
7560,Toses,Total,185.0,178.0,168.0,171.0,165.0,168.0,166.0,155.0,150.0,149.0,155.0,161.0,155.0,160.0,150.0,158.0,160.0,163.0,161.0,159.0
7561,Toses,España,174.0,168.0,160.0,165.0,157.0,160.0,160.0,148.0,141.0,141.0,147.0,155.0,150.0,156.0,148.0,151.0,151.0,157.0,156.0,152.0
7562,Toses,Extranjero,11.0,10.0,8.0,6.0,8.0,8.0,6.0,7.0,9.0,8.0,8.0,6.0,5.0,4.0,2.0,7.0,9.0,6.0,5.0,7.0
7600,Tossa de Mar,Total,5956.0,5930.0,5818.0,5683.0,5584.0,5542.0,5498.0,5623.0,5681.0,5910.0,5952.0,5917.0,5976.0,5948.0,5845.0,5662.0,5414.0,5260.0,5001.0,4786.0
7601,Tossa de Mar,España,4265.0,4322.0,4254.0,4251.0,4239.0,4259.0,4261.0,4325.0,4340.0,4371.0,4422.0,4428.0,4475.0,4467.0,4472.0,4450.0,4347.0,4282.0,4179.0,4042.0
7602,Tossa de Mar,Extranjero,1691.0,1608.0,1564.0,1432.0,1345.0,1283.0,1237.0,1298.0,1341.0,1539.0,1530.0,1489.0,1501.0,1481.0,1373.0,1212.0,1067.0,978.0,822.0,744.0
7640,Ullà,Total,1195.0,1167.0,1177.0,1153.0,1139.0,1138.0,1077.0,1068.0,1053.0,1057.0,1037.0,1075.0,1019.0,1076.0,1067.0,1019.0,1039.0,946.0,917.0,893.0
7641,Ullà,España,797.0,785.0,768.0,752.0,742.0,754.0,731.0,717.0,701.0,687.0,684.0,712.0,683.0,703.0,684.0,672.0,708.0,720.0,712.0,714.0
7642,Ullà,Extranjero,398.0,382.0,409.0,401.0,397.0,384.0,346.0,351.0,352.0,370.0,353.0,363.0,336.0,373.0,383.0,347.0,331.0,226.0,205.0,179.0
7680,Ullastret,Total,250.0,258.0,274.0,290.0,286.0,295.0,288.0,295.0,289.0,287.0,287.0,268.0,250.0,239.0,227.0,218.0,233.0,226.0,221.0,230.0
7681,Ullastret,España,228.0,236.0,247.0,261.0,258.0,265.0,266.0,273.0,269.0,264.0,261.0,244.0,229.0,224.0,209.0,202.0,213.0,210.0,212.0,221.0
7682,Ullastret,Extranjero,22.0,22.0,27.0,29.0,28.0,30.0,22.0,22.0,20.0,23.0,26.0,24.0,21.0,15.0,18.0,16.0,20.0,16.0,9.0,9.0
7720,Ultramort,Total,224.0,226.0,225.0,223.0,214.0,216.0,210.0,200.0,204.0,208.0,208.0,211.0,213.0,196.0,193.0,196.0,200.0,203.0,196.0,199.0
7721,Ultramort,España,202.0,202.0,207.0,205.0,198.0,198.0,190.0,187.0,188.0,195.0,194.0,195.0,196.0,184.0,186.0,191.0,196.0,196.0,192.0,196.0
7722,Ultramort,Extranjero,22.0,24.0,18.0,18.0,16.0,18.0,20.0,13.0,16.0,13.0,14.0,16.0,17.0,12.0,7.0,5.0,4.0,7.0,4.0,3.0
7760,Urús,Total,214.0,210.0,196.0,189.0,178.0,173.0,181.0,176.0,185.0,183.0,201.0,204.0,208.0,201.0,196.0,200.0,200.0,205.0,206.0,203.0
7761,Urús,España,185.0,184.0,170.0,162.0,157.0,153.0,158.0,157.0,164.0,164.0,182.0,185.0,191.0,188.0,182.0,184.0,187.0,191.0,191.0,189.0
7762,Urús,Extranjero,29.0,26.0,26.0,27.0,21.0,20.0,23.0,19.0,21.0,19.0,19.0,19.0,17.0,13.0,14.0,16.0,13.0,14.0,15.0,14.0
7800,"Vajol, La",Total,87.0,88.0,89.0,89.0,85.0,85.0,83.0,88.0,86.0,94.0,93.0,101.0,98.0,98.0,102.0,109.0,101.0,96.0,103.0,114.0
7801,"Vajol, La",España,56.0,59.0,62.0,67.0,66.0,66.0,61.0,67.0,66.0,63.0,64.0,71.0,70.0,78.0,80.0,87.0,85.0,81.0,89.0,90.0
7802,"Vajol, La",Extranjero,31.0,29.0,27.0,22.0,19.0,19.0,22.0,21.0,20.0,31.0,29.0,30.0,28.0,20.0,22.0,22.0,16.0,15.0,14.0,24.0
7840,"Vall de Bianya, La",Total,1345.0,1315.0,1275.0,1264.0,1286.0,1265.0,1266.0,1297.0,1305.0,1316.0,1335.0,1315.0,1320.0,1321.0,1307.0,1304.0,1256.0,1228.0,1214.0,1172.0
7841,"Vall de Bianya, La",España,1218.0,1201.0,1180.0,1177.0,1200.0,1197.0,1205.0,1231.0,1231.0,1225.0,1239.0,1212.0,1225.0,1225.0,1216.0,1217.0,1186.0,1158.0,1152.0,1125.0
7842,"Vall de Bianya, La",Extranjero,127.0,114.0,95.0,87.0,86.0,68.0,61.0,66.0,74.0,91.0,96.0,103.0,95.0,96.0,91.0,87.0,70.0,70.0,62.0,47.0
7880,"Vall d'en Bas, La",Total,3143.0,3115.0,3093.0,3072.0,3029.0,3018.0,2983.0,2966.0,2965.0,2974.0,2931.0,2888.0,2833.0,2780.0,2735.0,2680.0,2650.0,2616.0,2591.0,2565.0
7881,"Vall d'en Bas, La",España,2993.0,2948.0,2941.0,2930.0,2914.0,2917.0,2891.0,2876.0,2881.0,2882.0,2845.0,2810.0,2755.0,2711.0,2672.0,2628.0,2610.0,2579.0,2556.0,2533.0
7882,"Vall d'en Bas, La",Extranjero,150.0,167.0,152.0,142.0,115.0,101.0,92.0,90.0,84.0,92.0,86.0,78.0,78.0,69.0,63.0,52.0,40.0,37.0,35.0,32.0
7920,Vallfogona de Ripollès,Total,222.0,213.0,196.0,206.0,212.0,204.0,200.0,205.0,215.0,217.0,223.0,223.0,234.0,221.0,225.0,219.0,206.0,221.0,224.0,213.0
7921,Vallfogona de Ripollès,España,210.0,201.0,185.0,196.0,199.0,193.0,189.0,195.0,202.0,209.0,208.0,208.0,219.0,211.0,210.0,206.0,191.0,206.0,212.0,209.0
7922,Vallfogona de Ripollès,Extranjero,12.0,12.0,11.0,10.0,13.0,11.0,11.0,10.0,13.0,8.0,15.0,15.0,15.0,10.0,15.0,13.0,15.0,15.0,12.0,4.0
7960,Vall-llobrega,Total,926.0,918.0,897.0,899.0,912.0,924.0,922.0,915.0,901.0,910.0,904.0,877.0,866.0,853.0,825.0,778.0,730.0,655.0,597.0,549.0
7961,Vall-llobrega,España,822.0,813.0,787.0,802.0,817.0,820.0,825.0,812.0,801.0,799.0,797.0,770.0,764.0,750.0,731.0,696.0,643.0,582.0,541.0,505.0
7962,Vall-llobrega,Extranjero,104.0,105.0,110.0,97.0,95.0,104.0,97.0,103.0,100.0,111.0,107.0,107.0,102.0,103.0,94.0,82.0,87.0,73.0,56.0,44.0
8000,Ventalló,Total,911.0,914.0,846.0,859.0,854.0,793.0,802.0,830.0,836.0,815.0,816.0,800.0,792.0,780.0,730.0,725.0,698.0,710.0,669.0,668.0
8001,Ventalló,España,738.0,744.0,696.0,698.0,680.0,658.0,664.0,674.0,663.0,654.0,632.0,639.0,628.0,616.0,585.0,596.0,594.0,587.0,578.0,577.0
8002,Ventalló,Extranjero,173.0,170.0,150.0,161.0,174.0,135.0,138.0,156.0,173.0,161.0,184.0,161.0,164.0,164.0,145.0,129.0,104.0,123.0,91.0,91.0
8040,Verges,Total,1162.0,1183.0,1169.0,1171.0,1189.0,1159.0,1150.0,1197.0,1195.0,1210.0,1193.0,1207.0,1166.0,1162.0,1195.0,1175.0,1179.0,1173.0,1155.0,1145.0
8041,Verges,España,988.0,1004.0,1001.0,1002.0,1014.0,1002.0,997.0,1021.0,1010.0,1028.0,1021.0,1040.0,1020.0,1028.0,1041.0,1031.0,1032.0,1038.0,1026.0,1022.0
8042,Verges,Extranjero,174.0,179.0,168.0,169.0,175.0,157.0,153.0,176.0,185.0,182.0,172.0,167.0,146.0,134.0,154.0,144.0,147.0,135.0,129.0,123.0
8080,Vidrà,Total,181.0,186.0,177.0,167.0,173.0,177.0,176.0,173.0,169.0,166.0,163.0,167.0,168.0,173.0,178.0,179.0,168.0,172.0,162.0,157.0
8081,Vidrà,España,180.0,182.0,173.0,163.0,168.0,173.0,169.0,165.0,160.0,156.0,154.0,154.0,157.0,164.0,167.0,168.0,158.0,162.0,159.0,155.0
8082,Vidrà,Extranjero,1.0,4.0,4.0,4.0,5.0,4.0,7.0,8.0,9.0,10.0,9.0,13.0,11.0,9.0,11.0,11.0,10.0,10.0,3.0,2.0
8120,Vidreres,Total,8167.0,8073.0,7951.0,7797.0,7740.0,7652.0,7632.0,7741.0,7702.0,7748.0,7732.0,7661.0,7629.0,7430.0,7316.0,7016.0,6676.0,6215.0,5762.0,5559.0
8121,Vidreres,España,6797.0,6741.0,6665.0,6637.0,6615.0,6627.0,6605.0,6614.0,6558.0,6547.0,6494.0,6510.0,6445.0,6311.0,6231.0,6052.0,5783.0,5415.0,5148.0,5021.0
8122,Vidreres,Extranjero,1370.0,1332.0,1286.0,1160.0,1125.0,1025.0,1027.0,1127.0,1144.0,1201.0,1238.0,1151.0,1184.0,1119.0,1085.0,964.0,893.0,800.0,614.0,538.0
8160,Vilabertran,Total,991.0,969.0,993.0,979.0,951.0,919.0,919.0,902.0,913.0,917.0,911.0,902.0,907.0,882.0,860.0,844.0,843.0,831.0,822.0,798.0
8161,Vilabertran,España,898.0,877.0,901.0,894.0,878.0,853.0,850.0,833.0,846.0,839.0,844.0,823.0,826.0,806.0,796.0,786.0,788.0,780.0,774.0,759.0
8162,Vilabertran,Extranjero,93.0,92.0,92.0,85.0,73.0,66.0,69.0,69.0,67.0,78.0,67.0,79.0,81.0,76.0,64.0,58.0,55.0,51.0,48.0,39.0
8200,Vilablareix,Total,3396.0,3225.0,3063.0,2897.0,2789.0,2691.0,2636.0,2559.0,2529.0,2492.0,2427.0,2401.0,2297.0,2283.0,2277.0,2266.0,2213.0,2189.0,2146.0,2099.0
8201,Vilablareix,España,3249.0,3100.0,2945.0,2800.0,2706.0,2620.0,2570.0,2496.0,2463.0,2423.0,2366.0,2333.0,2234.0,2219.0,2218.0,2208.0,2163.0,2142.0,2099.0,2058.0
8202,Vilablareix,Extranjero,147.0,125.0,118.0,97.0,83.0,71.0,66.0,63.0,66.0,69.0,61.0,68.0,63.0,64.0,59.0,58.0,50.0,47.0,47.0,41.0
8240,Viladamat,Total,479.0,471.0,458.0,468.0,466.0,468.0,466.0,441.0,440.0,453.0,451.0,458.0,458.0,466.0,439.0,440.0,421.0,422.0,404.0,386.0
8241,Viladamat,España,432.0,430.0,412.0,419.0,411.0,413.0,411.0,392.0,390.0,400.0,400.0,404.0,406.0,407.0,389.0,396.0,387.0,389.0,381.0,375.0
8242,Viladamat,Extranjero,47.0,41.0,46.0,49.0,55.0,55.0,55.0,49.0,50.0,53.0,51.0,54.0,52.0,59.0,50.0,44.0,34.0,33.0,23.0,11.0
8280,Viladasens,Total,216.0,214.0,206.0,200.0,204.0,216.0,224.0,221.0,216.0,218.0,208.0,210.0,216.0,217.0,207.0,200.0,191.0,182.0,172.0,167.0
8281,Viladasens,España,191.0,190.0,181.0,180.0,187.0,194.0,198.0,193.0,187.0,184.0,179.0,179.0,179.0,179.0,179.0,177.0,169.0,168.0,169.0,165.0
8282,Viladasens,Extranjero,25.0,24.0,25.0,20.0,17.0,22.0,26.0,28.0,29.0,34.0,29.0,31.0,37.0,38.0,28.0,23.0,22.0,14.0,3.0,2.0
8320,Vilademuls,Total,840.0,835.0,835.0,815.0,823.0,789.0,808.0,834.0,787.0,802.0,780.0,780.0,766.0,786.0,781.0,769.0,786.0,787.0,769.0,770.0
8321,Vilademuls,España,707.0,697.0,698.0,686.0,689.0,677.0,706.0,728.0,701.0,695.0,678.0,676.0,658.0,678.0,677.0,674.0,696.0,702.0,697.0,694.0
8322,Vilademuls,Extranjero,133.0,138.0,137.0,129.0,134.0,112.0,102.0,106.0,86.0,107.0,102.0,104.0,108.0,108.0,104.0,95.0,90.0,85.0,72.0,76.0
8360,Viladrau,Total,1103.0,1102.0,1047.0,1040.0,1026.0,1038.0,1030.0,1035.0,1037.0,1065.0,1087.0,1102.0,1098.0,1100.0,1066.0,1036.0,999.0,982.0,959.0,906.0
8361,Viladrau,España,982.0,982.0,935.0,935.0,934.0,945.0,942.0,945.0,940.0,944.0,956.0,952.0,937.0,922.0,896.0,894.0,878.0,880.0,871.0,838.0
8362,Viladrau,Extranjero,121.0,120.0,112.0,105.0,92.0,93.0,88.0,90.0,97.0,121.0,131.0,150.0,161.0,178.0,170.0,142.0,121.0,102.0,88.0,68.0
8400,Vilafant,Total,5562.0,5480.0,5421.0,5394.0,5443.0,5465.0,5466.0,5543.0,5481.0,5502.0,5523.0,5465.0,5429.0,5416.0,5314.0,5193.0,5013.0,4852.0,4657.0,4482.0
8401,Vilafant,España,5044.0,5011.0,4966.0,4989.0,5052.0,5057.0,5074.0,5125.0,5090.0,5098.0,5089.0,5049.0,5031.0,5019.0,4958.0,4887.0,4735.0,4612.0,4475.0,4297.0
8402,Vilafant,Extranjero,518.0,469.0,455.0,405.0,391.0,408.0,392.0,418.0,391.0,404.0,434.0,416.0,398.0,397.0,356.0,306.0,278.0,240.0,182.0,185.0
8440,Vilajuïga,Total,1142.0,1124.0,1116.0,1104.0,1112.0,1123.0,1155.0,1169.0,1190.0,1220.0,1177.0,1166.0,1155.0,1149.0,1138.0,1117.0,1072.0,1059.0,1035.0,1013.0
8441,Vilajuïga,España,978.0,967.0,963.0,949.0,961.0,981.0,992.0,1001.0,1008.0,1029.0,995.0,975.0,963.0,960.0,952.0,945.0,910.0,910.0,905.0,911.0
8442,Vilajuïga,Extranjero,164.0,157.0,153.0,155.0,151.0,142.0,163.0,168.0,182.0,191.0,182.0,191.0,192.0,189.0,186.0,172.0,162.0,149.0,130.0,102.0
8480,Vilallonga de Ter,Total,410.0,386.0,398.0,398.0,404.0,406.0,400.0,398.0,421.0,447.0,466.0,476.0,477.0,478.0,477.0,459.0,448.0,437.0,425.0,442.0
8481,Vilallonga de Ter,España,353.0,327.0,338.0,335.0,343.0,347.0,348.0,351.0,365.0,382.0,403.0,409.0,414.0,410.0,407.0,403.0,408.0,408.0,412.0,426.0
8482,Vilallonga de Ter,Extranjero,57.0,59.0,60.0,63.0,61.0,59.0,52.0,47.0,56.0,65.0,63.0,67.0,63.0,68.0,70.0,56.0,40.0,29.0,13.0,16.0
8520,Vilamacolum,Total,386.0,371.0,377.0,348.0,312.0,325.0,320.0,294.0,307.0,298.0,289.0,299.0,328.0,322.0,318.0,293.0,280.0,292.0,294.0,291.0
8521,Vilamacolum,España,271.0,263.0,264.0,250.0,243.0,263.0,261.0,247.0,254.0,246.0,240.0,246.0,268.0,264.0,259.0,246.0,240.0,244.0,245.0,239.0
8522,Vilamacolum,Extranjero,115.0,108.0,113.0,98.0,69.0,62.0,59.0,47.0,53.0,52.0,49.0,53.0,60.0,58.0,59.0,47.0,40.0,48.0,49.0,52.0
8560,Vilamalla,Total,1166.0,1154.0,1161.0,1181.0,1157.0,1146.0,1121.0,1133.0,1103.0,1097.0,1101.0,1115.0,1100.0,1134.0,1115.0,1106.0,1092.0,947.0,878.0,868.0
8561,Vilamalla,España,1052.0,1051.0,1053.0,1082.0,1070.0,1052.0,1037.0,1048.0,1035.0,1034.0,1027.0,1019.0,1008.0,1027.0,1014.0,1005.0,1007.0,870.0,832.0,818.0
8562,Vilamalla,Extranjero,114.0,103.0,108.0,99.0,87.0,94.0,84.0,85.0,68.0,63.0,74.0,96.0,92.0,107.0,101.0,101.0,85.0,77.0,46.0,50.0
8600,Vilamaniscle,Total,204.0,205.0,212.0,200.0,208.0,199.0,202.0,179.0,170.0,158.0,176.0,171.0,181.0,169.0,173.0,172.0,182.0,168.0,160.0,149.0
8601,Vilamaniscle,España,170.0,164.0,170.0,161.0,164.0,157.0,162.0,154.0,145.0,136.0,139.0,138.0,134.0,127.0,130.0,128.0,139.0,129.0,127.0,112.0
8602,Vilamaniscle,Extranjero,34.0,41.0,42.0,39.0,44.0,42.0,40.0,25.0,25.0,22.0,37.0,33.0,47.0,42.0,43.0,44.0,43.0,39.0,33.0,37.0
8640,Vilanant,Total,401.0,399.0,386.0,392.0,399.0,401.0,405.0,399.0,399.0,384.0,376.0,373.0,363.0,356.0,348.0,328.0,333.0,336.0,327.0,328.0
8641,Vilanant,España,358.0,355.0,347.0,351.0,354.0,359.0,363.0,363.0,358.0,350.0,342.0,332.0,317.0,309.0,302.0,294.0,295.0,296.0,302.0,300.0
8642,Vilanant,Extranjero,43.0,44.0,39.0,41.0,45.0,42.0,42.0,36.0,41.0,34.0,34.0,41.0,46.0,47.0,46.0,34.0,38.0,40.0,25.0,28.0
8680,Vila-sacra,Total,785.0,761.0,758.0,760.0,709.0,706.0,713.0,670.0,681.0,661.0,671.0,656.0,627.0,598.0,545.0,508.0,485.0,509.0,483.0,452.0
8681,Vila-sacra,España,641.0,632.0,631.0,629.0,592.0,594.0,596.0,552.0,566.0,556.0,549.0,535.0,518.0,501.0,459.0,431.0,414.0,430.0,406.0,393.0
8682,Vila-sacra,Extranjero,144.0,129.0,127.0,131.0,117.0,112.0,117.0,118.0,115.0,105.0,122.0,121.0,109.0,97.0,86.0,77.0,71.0,79.0,77.0,59.0
8720,Vilaür,Total,162.0,162.0,158.0,157.0,147.0,145.0,156.0,159.0,153.0,148.0,142.0,149.0,146.0,140.0,142.0,142.0,139.0,140.0,136.0,131.0
8721,Vilaür,España,143.0,137.0,135.0,137.0,129.0,128.0,138.0,141.0,134.0,133.0,125.0,131.0,129.0,127.0,129.0,129.0,129.0,131.0,129.0,126.0
8722,Vilaür,Extranjero,19.0,25.0,23.0,20.0,18.0,17.0,18.0,18.0,19.0,15.0,17.0,18.0,17.0,13.0,13.0,13.0,10.0,9.0,7.0,5.0
8760,Vilobí d'Onyar,Total,3304.0,3310.0,3333.0,3291.0,3196.0,3138.0,3163.0,3166.0,3136.0,3108.0,3053.0,3031.0,3032.0,2956.0,2862.0,2756.0,2718.0,2664.0,2504.0,2430.0
8761,Vilobí d'Onyar,España,2885.0,2888.0,2897.0,2892.0,2835.0,2784.0,2803.0,2825.0,2796.0,2776.0,2720.0,2698.0,2688.0,2613.0,2535.0,2486.0,2429.0,2387.0,2277.0,2228.0
8762,Vilobí d'Onyar,Extranjero,419.0,422.0,436.0,399.0,361.0,354.0,360.0,341.0,340.0,332.0,333.0,333.0,344.0,343.0,327.0,270.0,289.0,277.0,227.0,202.0
8800,Vilopriu,Total,223.0,230.0,204.0,202.0,205.0,207.0,201.0,199.0,209.0,200.0,217.0,212.0,208.0,221.0,217.0,187.0,189.0,181.0,175.0,167.0
8801,Vilopriu,España,193.0,201.0,178.0,175.0,177.0,177.0,175.0,163.0,175.0,170.0,179.0,175.0,175.0,191.0,186.0,164.0,165.0,154.0,164.0,158.0
8802,Vilopriu,Extranjero,30.0,29.0,26.0,27.0,28.0,30.0,26.0,36.0,34.0,30.0,38.0,37.0,33.0,30.0,31.0,23.0,24.0,27.0,11.0,9.0
